游戏名称,评分,类别,语言,热度,最后更新时间,游戏版本,资费,开发商,支持系统,评论数,喜欢数
捕鱼达人,7.6 ,益智休闲,中文,95℃,2015-07-29,1.9.0,道具收费,触控科技,2.3以上,6654,114
NBA2K14,7.5 ,体育运动,中文,94℃,2014-05-27,1.3,完全免费,2K Games,4.0以上,16190,3712
愤怒的小鸟六周年版,5.9 ,益智休闲,中文,93℃,2016-09-29,6.0.3,道具收费,拓维信息系统股份有限公司,2.3以上,7187,280
三国志无双战,5.1 ,动作游戏,中文,90℃,2012-07-31,1.3,完全免费,"PlayBean Co., Ltd.",2.2以上,9372,1608
地铁跑酷-冰岛,8.4 ,益智休闲,中文,89℃,2016-09-23,2.54.0,道具收费,乐逗,4.0以上,8804,888
火箭飞人,8.2 ,动作游戏,英文,89℃,2016-08-30,1.9.10,完全免费,Halfbrick Studios,4.0.3以上,7371,544
暴力摩托完整版,5.1 ,动作游戏,英文,89℃,2015-02-17,1.11,完全免费,Adrenaline Crew,2.0.1以上,4461,118
愤怒的小鸟太空版,9.5 ,益智休闲,英文,87℃,2015-07-06,2.2.1,完全免费,Rovio,2.3以上,5238,127
NBA 2K17免验证版(含数据包),8.0 ,体育运动,英文,85℃,2016-09-30,0.0.21,完全免费,2K Games,4.3以上,2411,907
天天酷跑,6.9 ,益智休闲,中文,84℃,2016-07-22,1.0.35.0,完全免费,腾讯,2.2以上,8245,1085
杀手2-影子阴谋,6.5 ,射击游戏,中文,84℃,2016-07-21,4.2.1,道具收费,北京通联天地科技有限公司,2.1以上,2457,1912
我的世界移动版,8.3 ,养成游戏,"英文, 中文",80℃,2016-09-21,0.15.90.7,完全免费,Mojang,4.2以上,66893,7989
NBA2K13(含数据包),8.1 ,体育运动,英文,80℃,2013-12-05,1.1.2,完全免费,2K Games,4.0以上,12011,725
极品飞车:无限(含数据包),6.5 ,竞速游戏,"英文, 中文",79℃,2016-09-28,1.5.3,完全免费,EA,4.0.3以上,5680,3534
神庙逃亡2,8.1 ,益智休闲,中文,79℃,2016-09-26,3.5.0,道具收费,乐逗,2.3以上,8642,582
空中打击高清完整版,5.0 ,飞行游戏,英文,79℃,2014-01-15,1.5.1,完全免费,Art In Games,2.0.1以上,4525,285
鳄鱼小顽皮爱洗澡,9.0 ,益智休闲,中文,78℃,2016-03-16,1.19.0,免费试玩,触控科技,2.2以上,8789,335
GTA侠盗猎车手:圣安地列斯(含数据包),8.1 ,动作游戏,英文,77℃,2016-04-01,1.08,完全免费,Rockstar Games,3.0以上,96354,11410
狂野飙车8:极速凌云,8.2 ,竞速游戏,中文,76℃,2015-09-15,2.4.1,道具收费,北京万盛和泰科技有限公司,2.3以上,14640,5039
极品飞车17:最高通缉,8.5 ,竞速游戏,中文,75℃,2016-09-27,1.3.71,完全免费,EA,2.3以上,27449,7235
跳跃忍者,5.3 ,动作游戏,英文,75℃,2016-07-17,2.2.0,完全免费,Backflip Studios,4.0.3以上,4093,105
GTA侠盗猎车手:罪恶都市(含数据包),7.8 ,动作游戏,英文,75℃,2015-04-02,1.07,完全免费,Rockstar Games,2.3以上,39297,4549
捕鱼达人2,8.1 ,益智休闲,中文,74℃,2016-01-13,1.3.3,道具收费,触控科技,2.2以上,11035,114
背刺商店版(含数据包),7.9 ,动作游戏,中文,74℃,2013-12-07,1.0.4,完全免费,Gameloft,2.1以上,10150,2293
愤怒的小鸟星球大战,8.9 ,益智休闲,英文,73℃,2014-08-26,1.5.3,完全免费,Rovio,2.3以上,5745,234
愤怒的小鸟季节版,9.0 ,益智休闲,英文,72℃,2016-09-28,6.4.0,完全免费,Rovio,4.1以上,7241,369
Pokemon GO,7.3 ,益智休闲,英文,72℃,2016-09-24,0.39.1,完全免费,"Niantic, Inc.",4.4以上,656,27
神庙逃亡英文版,5.0 ,益智休闲,英文,72℃,2016-06-17,1.6.1,完全免费,Imangi Studios,2.3以上,3797,59
反恐精英正式版,7.5 ,射击游戏,英文,71℃,2016-05-13,3.589,完全免费,Studio OnMars,2.3以上,8399,1930
极品飞车13:变速(含数据包),7.7 ,竞速游戏,中文,71℃,2013-12-27,2.0.8,完全免费,EA,2.0以上,6836,1428
激流快艇通用版,7.9 ,竞速游戏,中文,71℃,2013-11-26,1.6.3,完全免费,Vector Unit,2.3以上,1423,249
都市赛车5中文版,4.9 ,竞速游戏,中文,71℃,2010-08-20,3.0.3,完全免费,Gameloft,2.0以上,6077,62
部落冲突,7.5 ,策略塔防,中文,70℃,2016-09-06,8.332.16,完全免费,Supercell,4.0.3以上,12112,1890
真实赛车3,8.8 ,竞速游戏,"中文, 韩文",69℃,2016-09-23,4.6.2,完全免费,EA,4.0.3以上,27673,6755
一起玩陶艺,7.9 ,益智休闲,中文,69℃,2016-01-14,2,道具收费,东品西尚网络科技（北京）有限公司,1.6以上,2185,437
NBA2K16(含数据包),8.2 ,体育运动,英文,69℃,2015-12-11,0.0.29,完全免费,2K Games,4.3以上,15444,3970
饥荒(含数据包),8.7 ,角色扮演,英文,68℃,2016-10-02,0.4,完全免费,Klei,5.0以上,16108,2837
真实赛车2通用完整版(含数据包),8.1 ,竞速游戏,中文,68℃,2012-12-16,871,完全免费,EA,2.1以上,9194,1491
植物大战僵尸2中文高清版,7.5 ,策略塔防,中文,67℃,2016-09-29,1.9.0,道具收费,拓维信息系统股份有限公司,2.3以上,3624,1202
极限摩托完整版,5.5 ,竞速游戏,英文,67℃,2013-06-03,1.25,完全免费,Deemedya m.s. ltd.,2.1以上,951,185
暗影之刃:再次出击汉化版(含数据包),5.7 ,动作游戏,中文,66℃,2016-09-29,1,完全免费,Crescent Moon,2.3.3以上,283,977
暗影格斗2,7.7 ,动作游戏,"英文, 中文, 韩文",66℃,2016-08-07,1.9.22,完全免费,Nekki,3.0以上,7880,3010
愤怒的小鸟里约版,7.5 ,益智休闲,英文,66℃,2016-07-22,2.6.2,完全免费,Rovio,4.1以上,1815,180
开心消消乐,6.8 ,益智休闲,中文,66℃,2016-07-15,1.35,道具收费,乐风创想（北京）科技有限公司,2.2以上,8241,558
实况足球2012(含数据包),8.8 ,体育运动,英文,66℃,2015-06-04,1.0.5,完全免费,科乐美,2.0以上,9626,507
NBA2K15直装版,8.8 ,体育运动,英文,66℃,2015-03-31,1.0.0.58,完全免费,2K Games,4.2以上,13612,2245
保卫萝卜,8.5 ,策略塔防,中文,66℃,2015-03-02,1.5.0,完全免费,萝卜工场,2.2以上,5363,208
战地:叛逆连队2(含数据包),6.8 ,射击游戏,中文,66℃,2012-07-19,1.28,完全免费,EA,2.1以上,8293,3179
神庙逃亡:勇敢的心,8.3 ,益智休闲,中文,65℃,2016-09-02,1.6.0,完全免费,Disney,2.3.3以上,5861,171
重力跑酷,4.9 ,益智休闲,英文,65℃,2016-08-29,1.6,完全免费,ALPER SARIKAYA,2.3以上,720,162
天天爱消除,5.1 ,益智休闲,中文,65℃,2016-02-01,1.0.30.0Build308,道具收费,腾讯,2.2以上,990,71
GTA侠盗猎车手3十周年纪念版(含数据包),8.1 ,角色扮演,英文,65℃,2015-03-06,1.6,完全免费,Rockstar Games,2.3以上,24618,3855
涂鸦跳跃,8.3 ,益智休闲,英文,65℃,2013-02-21,1.14.04,完全免费,GameHouse,2.3.3以上,5418,231
3D摩托,,竞速游戏,英文,64℃,2016-08-18,2.2.1,完全免费,AE-Mobile,4.0.3以上,708,52
迷失自我直装版,8.4 ,冒险解谜,中文,64℃,2015-04-30,1,完全免费,Human Head Studios,2.0.1以上,8579,7293
聚爆,7.8 ,角色扮演,中文,63℃,2016-03-29,1.2.4,完全免费,雷亚,4.0以上,16628,6148
街霸4市场通用版(含数据包),8.3 ,格斗游戏,英文,63℃,2013-12-07,1.00.02,完全免费,Capcom,2.3以上,7866,1923
死亡扳机三星商店直装版,5.5 ,射击游戏,英文,63℃,2013-10-31,0.21,完全免费,Madfinger Games,2.3.3以上,1526,365
国际足球大联盟12(含数据包),8.6 ,体育运动,中文,63℃,2013-10-01,1.3.98,完全免费,EA,2.2以上,7139,1035
口袋侦探汉化版,7.6 ,冒险解谜,中文,63℃,2013-07-01,1.0.7,完全免费,NFLY STUDIO,2.3以上,13041,1184
永恒战士2:无双战神(含数据包),8.4 ,角色扮演,中文,63℃,2012-10-29,1.4.0,完全免费,Glu,2.1以上,15779,812
八门神器,1.0 ,游戏工具,中文,62℃,2016-09-29,2.61,完全免费,枫影（尹湘中）,1.5以上,2607,19
虚荣国际版(含数据包),8.3 ,策略塔防,中文,62℃,2016-09-18,1.22.1 (41243),完全免费,Super Evil Megacorp,4.1以上,23797,9865
彩球祖玛,5.2 ,益智休闲,英文,62℃,2016-09-18,2.0.0,完全免费,,2.1以上,598,21
雷霆赛车免费版,4.9 ,竞速游戏,英文,62℃,2016-09-18,1.2.2,完全免费,Polarbit,2.3以上,734,50
搏击长空:制空霸权完整修改版(含数据包),6.6 ,飞行游戏,中文,62℃,2014-10-23,1.0.2,完全免费,南梦宫NAMCO,2.3.3以上,8352,4605
FIFA14(含数据包),7.5 ,体育运动,"中文, 韩文",62℃,2014-05-27,1.3.6,完全免费,EA,2.3.3以上,12928,2157
死亡扳机2修改版(含数据包),8.2 ,射击游戏,"中文, 韩文",61℃,2016-08-11,1.1.1,完全免费,Madfinger Games,4.0以上,25071,3282
一笔画,5.2 ,益智休闲,中文,61℃,2016-08-04,2.7.7,完全免费,Ecapyc Inc.,3.0以上,873,221
真实武器模拟器,6.5 ,益智休闲,英文,61℃,2016-06-08,2.3.0,完全免费,OranginalPlan,4.0以上,1469,343
最终幻想3(含数据包),8.0 ,角色扮演,中文,61℃,2015-08-07,1.2.1,完全免费,SQEX,1.5以上,3336,1517
台球大师,5.5 ,体育运动,英文,61℃,2016-05-04,3.5,完全免费,TerranDroid,1.5以上,700,93
FIFA15:终极队伍(含数据包),8.3 ,体育运动,中文,61℃,2016-03-02,1.7.0,完全免费,EA,2.3.3以上,9662,2656
NBA嘉年华,7.7 ,体育运动,中文,61℃,2015-09-15,04.00.14,完全免费,EA,2.3以上,4541,367
暗黑复仇者,8.0 ,角色扮演,中文,61℃,2014-07-24,1.3.4,完全免费,GAMEVIL,2.3以上,7131,723
超凡蜘蛛侠(含数据包),8.9 ,动作游戏,中文,61℃,2013-09-02,1.1.9,完全免费,Gameloft,2.3以上,23801,2864
拳皇2012(含数据包),6.5 ,格斗游戏,中文,61℃,2013-12-06,1.0.1,完全免费,SNK PLAYMORE,4.0.3以上,3766,1677
画个火柴人完整版,5.8 ,冒险解谜,中文,61℃,2013-10-04,1.4,完全免费,Hitcents,2.3.3以上,2218,1083
丧尸围城高清版,5.3 ,策略塔防,英文,61℃,2013-05-16,1.15.2,完全免费,ArtOfBytess,2.1以上,1183,87
昆虫屠夫(含数据包),5.1 ,动作游戏,"英文, 中文",60℃,2016-09-27,1,完全免费,Noodlecake,4.1以上,135,753
号角免验证版(含数据包),8.7 ,动作游戏,中文,60℃,2016-08-17,1.3.2.6,完全免费,Zynga,3.2以上,9958,5700
失落城市汉化版,7.2 ,冒险解谜,中文,60℃,2012-02-03,1,完全免费,Fire Maple Games,2.2以上,1637,826
泰拉瑞亚(含数据包),8.3 ,冒险解谜,中文,60℃,2016-08-04,1.2.12785,完全免费,505 Games Srl,4.0.3以上,19207,6338
滑板少年,5.3 ,体育运动,英文,60℃,2016-05-06,1.1,完全免费,Runner Games,2.3以上,633,80
最终幻想4(含数据包),8.8 ,角色扮演,中文,60℃,2015-12-22,1.5.4,完全免费,SQEX,2.3.3以上,6407,2573
F18舰载机模拟起降,5.5 ,飞行游戏,英文,60℃,2013-11-11,5.85,完全免费,RORTOS,2.2以上,1100,207
植物大作战,8.0 ,策略塔防,"中文, 韩文",60℃,2013-01-16,1.5.0,完全免费,GAMEVIL,2.2以上,6078,504
植物大战僵尸2免谷歌版(含数据包),7.7 ,策略塔防,英文,59℃,2016-09-27,5.3.1,完全免费,EA,3.0以上,2695,1802
神偷奶爸：奔跑小小兵,7.5 ,益智休闲,"中文, 韩文",59℃,2016-09-23,4.0.0j,完全免费,Gameloft,2.3以上,6436,1090
印第安探险,5.1 ,益智休闲,英文,59℃,2016-08-29,1.0.8,完全免费,ALPER SARIKAYA,2.3以上,623,175
水果忍者,8.4 ,益智休闲,中文,59℃,2016-05-27,3.1.4,道具收费,乐逗,4.1以上,12653,695
沙滩车闪电战,7.3 ,竞速游戏,英文,59℃,2016-05-09,1.3.17,完全免费,Vector Unit,4.0.3以上,988,168
纪念碑谷官方正版,9.0 ,冒险解谜,中文,59℃,2016-03-14,2.3.4,激活收费,乐逗,1.5以上,12217,7217
3D超音速飞行,5.0 ,竞速游戏,英文,59℃,2016-02-17,4.2,完全免费,Osaris,2.2以上,927,68
勇敢的心:世界大战汉化版(含数据包),9.0 ,冒险解谜,中文,59℃,2014-12-11,1.0.0,完全免费,Ubisoft育碧,3.2以上,9531,11314
现充都爆炸吧汉化版,5.9 ,益智休闲,中文,59℃,2015-03-31,1.0.0,完全免费,,2.3.3以上,2410,1509
超凡蜘蛛侠2破解版(含数据包),8.0 ,动作游戏,"英文, 中文",59℃,2014-08-14,1.1.1,完全免费,Gameloft,4.0以上,9831,4011
找你妹,6.0 ,益智休闲,中文,59℃,2013-10-12,5.0.0,道具收费,热酷,2.2以上,1104,101
疯狂的拳头2,7.5 ,益智休闲,英文,59℃,2013-01-29,1.5,完全免费,,2.0.1以上,767,20
极限方程式,4.8 ,竞速游戏,中文,59℃,2012-11-08,1.1.5,完全免费,GOGN entertainment,2.0.1以上,1728,79
终极跑车,4.9 ,竞速游戏,英文,59℃,2010-12-21,1,完全免费,oyatsukai.com,2.1以上,586,10
杀出重围GO(含数据包),6.4 ,冒险解谜,"英文, 中文",58℃,2016-09-23,1.1.71394,完全免费,SQEX,4.2以上,982,1728
模拟山羊(含数据包),7.0 ,动作游戏,"英文, 中文",58℃,2016-09-22,1.4.13,完全免费,Coffee Stain Studios,4.0.3以上,5168,3041
坦克世界:闪电战,8.6 ,射击游戏,"英文, 中文",58℃,2016-09-20,3.1.0.908,完全免费,Wargaming,4.0以上,12579,4259
捕鱼达人3,7.9 ,益智休闲,中文,58℃,2016-03-29,1.1.4,道具收费,触控科技,2.3以上,2103,221
节奏大师,5.7 ,音乐游戏,中文,58℃,2015-12-22,2.5.3.2,完全免费,腾讯,2.1以上,1991,433
都市赛车6高清版(含数据包),8.3 ,竞速游戏,英文,58℃,2013-12-07,1.0.8,完全免费,Gameloft,2.1以上,7047,295
三剑之舞中文版,5.4 ,角色扮演,"中文, 韩文",58℃,2012-04-27,1.0.4,完全免费,Com2uS,2.1以上,4201,738
地牢猎人3(含数据包),8.4 ,角色扮演,中文,58℃,2012-12-21,1.5.0,完全免费,Gameloft,2.2以上,8432,2699
英雄守卫2汉化版,5.8 ,策略塔防,中文,58℃,2012-03-19,1.0.6,完全免费,PALADIN,2.2以上,1084,254
神鬼战士,,动作游戏,英文,58℃,2012-01-03,1,完全免费,BiCORE,2.2以上,1116,269
罪恶都市,4.6 ,角色扮演,英文,57℃,2016-09-29,7.7.0,完全免费,"GREE, INC",4.0.3以上,1016,66
模拟人生:自由行动,7.0 ,模拟经营,中文,57℃,2016-09-07,5.24.0,完全免费,EA,2.3.3以上,11218,3997
崩溃大陆免验证版,9.1 ,角色扮演,英文,57℃,2016-08-18,1.1.12,完全免费,Butterscotch Shenanigans,2.3以上,13727,7150
老爸曾是小偷,7.6 ,益智休闲,中文,57℃,2016-04-29,2.1.3,完全免费,Rebel Twins,2.3以上,1400,471
100层,5.1 ,益智休闲,中文,57℃,2016-04-08,3.2.0.0,完全免费,Tobi Apps,4.0.3以上,1598,118
异形大战铁血战士:进化(含数据包),7.6 ,动作游戏,中文,57℃,2016-03-15,2.1,完全免费,"Fox Digital Entertainment, Inc",4.0.3以上,7245,2928
急速冲击,7.9 ,益智休闲,中文,57℃,2015-11-30,1.4.0,完全免费,Mediocre,2.3以上,1828,1609
永恒勇士(含数据包),8.3 ,角色扮演,中文,57℃,2015-09-16,2.2.0,完全免费,Glu,2.1以上,6970,546
狂野之血商店高清版(含数据包),8.5 ,动作游戏,中文,57℃,2013-12-06,1.1.0,完全免费,Gameloft,2.3以上,17324,5431
死亡战虫,7.3 ,动作游戏,英文,57℃,2013-05-14,1.15,完全免费,PlayCreek LLC,2.2以上,975,83
艾诺迪亚4PLUS修改版,8.3 ,角色扮演,"中文, 韩文",57℃,2012-09-12,1.0.3,完全免费,Com2uS,2.1以上,6589,1929
僵尸快跑,5.5 ,益智休闲,"英文, 韩文",57℃,2012-07-20,1.1.0,完全免费,Com2uS,2.1以上,284,46
反恐精英原版移植,5.6 ,射击游戏,英文,57℃,2012-06-19,1.97,完全免费,Studio OnMars,2.0.1以上,3104,360
疯狂动物园,6.2 ,益智休闲,中文,56℃,2016-09-28,1.0.2,道具收费,游道易,4.1以上,125,374
艾诺迪亚3中文版,8.0 ,角色扮演,"中文, 韩文",56℃,2016-08-25,1.4.5,完全免费,Com2uS,2.3以上,2720,819
单机斗地主,4.5 ,棋牌游戏,中文,56℃,2016-08-17,6.5.6.0,道具收费,北京联众互动网络股份有限公司,2.3以上,3117,204
进化之地汉化版,8.9 ,角色扮演,中文,56℃,2015-02-13,1.2.12,完全免费,Shiro Games,2.2以上,4610,3436
炉石传说魔兽英雄传,8.9 ,策略塔防,中文,56℃,2016-03-18,1.2,完全免费,"Blizzard Entertainment, Inc.",2.3以上,5573,1387
魔能:方碑之巫,6.5 ,冒险解谜,中文,56℃,2016-01-20,1.4.0,完全免费,Paradox Interactive,3.0以上,1116,1142
QQ游戏,4.9 ,益智休闲,中文,56℃,2015-11-18,6.7.3,完全免费,,2.2以上,850,69
愤怒的小鸟太空版无广告版,9.6 ,益智休闲,英文,56℃,2015-07-03,2.2.0,完全免费,Rovio,2.3以上,3997,68
爸爸去哪儿2,8.0 ,益智休闲,中文,56℃,2014-09-10,1.1.1,道具收费,成都蓝飞互娱科技有限公司,2.3以上,1179,61
超级玛丽旗舰版,4.9 ,益智休闲,中文,56℃,2013-10-12,1.8.0,完全免费,,1.6以上,936,107
命运英雄传中文版(含数据包),7.8 ,角色扮演,中文,56℃,2013-10-09,2.0.3,完全免费,Glu,2.1以上,4961,2373
死亡绝境中文版(含数据包),8.0 ,动作游戏,中文,56℃,2013-02-25,1.0.2,完全免费,Glu,2.1以上,3345,2452
桌面精灵口袋宠物,6.1 ,养成游戏,中文,56℃,2012-06-20,1.7,完全免费,,2.2以上,1409,165
真人快打X修改版(含数据包),6.7 ,格斗游戏,中文,55℃,2016-09-08,1.9.0,完全免费,WBIE,4.0以上,8815,5120
熊出没之熊大快跑,4.6 ,益智休闲,中文,55℃,2016-09-08,2.3.8,道具收费,合肥乐堂动漫信息技术有限公司,2.2以上,1447,107
自杀突击队:特别行动(含数据包),7.3 ,射击游戏,"英文, 中文",55℃,2016-08-29,1.1.3,完全免费,WBIE,4.0以上,908,1948
音速出击汉化破解版(含数据包),9.0 ,音乐游戏,中文,55℃,2013-12-05,1.0.6,完全免费,Neowiz,2.2以上,6774,880
愤怒的小鸟太空版高清版,5.1 ,益智休闲,英文,55℃,2015-07-03,2.2.0,完全免费,Rovio,2.3以上,648,107
速度与激情6(含数据包),5.5 ,竞速游戏,中文,55℃,2014-10-27,4.1.2,完全免费,Kabam,2.3以上,2583,439
死亡空间内购破解直装版,6.9 ,角色扮演,中文,55℃,2014-08-06,1.1.40,完全免费,EA,2.1以上,4862,2556
武士剑虎,7.8 ,角色扮演,英文,55℃,2014-08-04,1.2.5,完全免费,BerkBox,2.3以上,1125,286
手势舞蹈,5.5 ,音乐游戏,英文,55℃,2014-07-28,1.5.4,完全免费,ProGaming,2.3.3以上,616,125
像素鸟,5.5 ,益智休闲,英文,55℃,2014-02-08,1.3,完全免费,.GEARS Studios,2.2以上,2392,176
猴子也疯狂中国版,,益智休闲,"中文, 韩文",55℃,2013-04-12,1.00.05,完全免费,Com2uS,2.2以上,692,109
武士2复仇中文内购破解版,6.7 ,角色扮演,中文,55℃,2012-09-30,1,完全免费,Madfinger Games,1.5以上,2405,1402
植物大战僵尸2中文版,7.6 ,策略塔防,中文,54℃,2016-09-29,1.9.0,道具收费,拓维信息系统股份有限公司,2.3以上,1116,377
火柴人联盟,7.6 ,格斗游戏,中文,54℃,2016-09-27,1.9.3,道具收费,互爱（北京）科技有限公司,2.2以上,4545,1439
我的世界:故事模式破解版(含数据包),8.4 ,角色扮演,"英文, 中文",54℃,2016-05-27,1.33,完全免费,Telltale Games,2.3.3以上,10736,6962
刺客信条:海盗奇航(含数据包),7.9 ,动作游戏,中文,54℃,2016-07-14,2.9.1,完全免费,Ubisoft育碧,4.0以上,13553,5445
午夜狂飙2,,竞速游戏,英文,54℃,2016-06-20,1.0.4,完全免费,ICLOUDZONE INC.,2.3以上,635,18
庞然巨物,7.7 ,益智休闲,"中文, 韩文",54℃,2016-06-08,1.1.1,完全免费,Halfbrick Studios,4.0.3以上,1906,709
这是我的战争(含数据包),9.3 ,模拟经营,"英文, 中文",54℃,2016-03-18,1.3.9,完全免费,11 bit studios,4.0以上,27485,13323
瘟疫公司,7.3 ,策略塔防,中文,54℃,2016-01-29,1.1.2,道具收费,北京寻梦科技有限公司,2.2以上,5028,1223
死亡扳机修改版(含数据包),8.2 ,射击游戏,英文,54℃,2016-01-15,1.9.5,完全免费,Madfinger Games,2.3.3以上,10701,1836
监狱脱出少女Lie汉化版,6.2 ,冒险解谜,中文,54℃,2013-08-09,1.2,完全免费,Ateam Inc.,2.3.3以上,1769,1450
阿尔龙:剑影(含数据包),7.5 ,角色扮演,英文,54℃,2015-10-22,4.53,完全免费,Crescent Moon,2.3以上,5630,2984
亡灵杀手:夏侯,5.9 ,动作游戏,中文,54℃,2015-09-07,3.5.0,道具收费,触控科技,2.3.3以上,1200,455
文明:变革2中文版(含数据包),8.2 ,策略塔防,中文,54℃,2014-11-17,1.3.1,完全免费,2K Games,3.0以上,6513,6325
神秘地域:伊班的足迹(含数据包),7.0 ,动作游戏,"英文, 中文",54℃,2014-10-28,1.4,完全免费,Semaphore Studios,4.1以上,2796,4304
NBA2K14谷歌市场版(含数据包),7.8 ,体育运动,"英文, 中文",54℃,2014-03-28,1,完全免费,2K Games,4.0以上,1925,572
神石传说之亚伦传,5.1 ,角色扮演,中文,54℃,2013-12-16,1.4.3,完全免费,INFRAWARE,2.2以上,1275,851
实况足球2011(含数据包),5.8 ,体育运动,英文,54℃,2013-12-07,1.0.6,完全免费,科乐美,1.6以上,1686,112
坚守阵地汉化版,5.1 ,策略塔防,中文,54℃,2011-08-09,1.04,完全免费,"Subatomic Studios, LLC",2.1以上,1514,168
疯狂卡丁车,5.4 ,竞速游戏,英文,54℃,2010-12-16,1.2.7,完全免费,Polarbit,1.5以上,1064,41
未上锁的房间2汉化版(含数据包),8.5 ,冒险解谜,中文,53℃,2014-04-29,1,完全免费,Fireproof Games,2.3以上,5958,3854
侠盗猎车手:自由城故事修改版(含数据包),7.0 ,角色扮演,英文,53℃,2016-07-22,2.2,完全免费,Rockstar Games,4.0以上,7100,2328
见缝插针,5.3 ,益智休闲,英文,53℃,2016-08-01,1.5.7,完全免费,General Adaptive Apps Pty Ltd,3.0以上,1496,426
搏击长空:风暴特工队(含数据包),7.9 ,飞行游戏,"英文, 中文",53℃,2016-04-01,1.0.5,完全免费,Atypical Games,4.1以上,4870,3539
生存战争,7.4 ,角色扮演,英文,53℃,2016-03-31,1.29.17.0,完全免费,Candy Rufus Games,2.3.3以上,4390,796
博德之门增强版(含数据包),5.9 ,角色扮演,"英文, 中文, 韩文, 日文",53℃,2014-05-10,1.3,完全免费,Beamdog,3.0以上,2369,1902
天天连萌,4.8 ,益智休闲,中文,53℃,2013-11-15,1.0.9.0,完全免费,腾讯,2.2以上,589,14
急速飙车,4.8 ,竞速游戏,英文,53℃,2013-07-25,1.2.6,完全免费,OoO studio,2.2以上,629,30
口袋公主直装汉化版,5.9 ,养成游戏,中文,53℃,2013-05-17,1.029,完全免费,"GameOn Co., Ltd.",2.1以上,1030,1038
模拟城市:建造,8.1 ,模拟经营,中文,52℃,2016-09-27,1.15.9.48109,完全免费,EA,2.3.3以上,5972,2884
英雄传说修改版,8.2 ,策略塔防,英文,52℃,2015-12-09,2.1.0,完全免费,Maya,2.3.3以上,7942,1236
幸运破解器,6.3 ,游戏工具,中文,52℃,2016-09-09,6.2.6,完全免费,,2.0以上,2187,982
僵尸尖叫,5.5 ,益智休闲,中文,52℃,2016-09-09,2.3.5,道具收费,掌游天下（北京）信息技术有限公司,2.3以上,760,178
音速小子索尼克4:第二章(含数据包),7.7 ,益智休闲,中文,52℃,2016-08-19,1.9,完全免费,SEGA世嘉,3.0以上,1434,833
死在百慕大汉化版(含数据包),6.8 ,冒险解谜,中文,52℃,2016-07-18,1.02,完全免费,Plug In Digital,4.4以上,722,2648
勇闯死人谷,7.7 ,动作游戏,英文,52℃,2016-07-28,2.3.2,完全免费,PIKPOK,4.1以上,2234,975
勇者斗恶龙8汉化版(含数据包),8.5 ,角色扮演,中文,52℃,2016-03-24,1.0.4,完全免费,SQEX,4.0以上,7226,2960
神偷奶爸：小黄人快跑,8.0 ,益智休闲,中文,52℃,2016-05-17,4.1.3,道具收费,中手游,2.3以上,3698,383
孤岛余生2付费完整版(含数据包),7.9 ,模拟经营,"英文, 中文",52℃,2016-04-12,1.2,完全免费,G5,2.3.3以上,1606,1612
地狱边境修改版(含数据包),9.0 ,冒险解谜,中文,52℃,2015-03-13,1.3,完全免费,Playdead,2.3以上,9640,6513
小小盗贼(含数据包),6.4 ,冒险解谜,英文,52℃,2014-10-17,1.2.1,完全免费,Rovio,2.3.3以上,1973,1849
侠盗猎车手:血战唐人街(含数据包),8.2 ,角色扮演,英文,52℃,2015-02-26,1.01,完全免费,Rockstar Games,4.0以上,9708,2858
和风物语,7.5 ,模拟经营,中文,52℃,2015-07-01,1.5.12,完全免费,Nubee,2.3以上,8001,506
踪迹:谋杀之谜游戏汉化版,8.6 ,冒险解谜,中文,52℃,2015-06-17,1.5.2,完全免费,Relentless Software,4.0以上,4388,2919
植物大战僵尸电子市场免验证版(含数据包),6.0 ,策略塔防,英文,52℃,2015-06-04,6.0.1,完全免费,EA,2.3.3以上,1851,225
弹射圆环,5.8 ,益智休闲,英文,52℃,2015-02-17,2.9.6,完全免费,Ultrateam,4.0以上,690,636
QQ欢乐斗地主,4.9 ,棋牌游戏,中文,52℃,2014-10-16,1.2,完全免费,腾讯,1.5以上,513,60
GLU金币修改器,5.0 ,游戏工具,英文,52℃,2014-03-31,3,完全免费,,2.1以上,2415,700
3D极速狂飙:漂移都市,,竞速游戏,中文,52℃,2013-12-17,1.9.9,完全免费,智道科技,2.1以上,977,25
混沌之戒2(含数据包+钛备份),8.7 ,角色扮演,其他,52℃,2013-03-14,1.0.0,完全免费,SQEX,2.3以上,8659,3377
VR网球挑战赛(含数据包),8.7 ,体育运动,中文,52℃,2013-12-07,4.5.4,完全免费,SEGA世嘉,2.3以上,4844,795
超级救火队2全关卡解锁版,5.4 ,益智休闲,中文,52℃,2013-07-22,1.0.0,完全免费,Mediocre,2.3以上,854,569
3D台球,,益智休闲,中文,52℃,2012-09-15,1.8.0,完全免费,,1.5以上,617,72
太平洋海军航空兵完整版,5.5 ,飞行游戏,英文,52℃,2012-06-12,2.6.4,完全免费,DotSight Software,2.1以上,894,94
捕鱼大满贯,5.3 ,益智休闲,中文,51℃,2016-09-26,1.7.7,道具收费,上海时与光企业发展有限公司,4.2以上,985,25
机械挑战(含数据包),5.8 ,益智休闲,"英文, 中文",51℃,2016-09-19,1.4,完全免费,Perchang,4.0.3以上,116,1016
阿尔托的冒险,7.1 ,益智休闲,中文,51℃,2016-07-15,1.3.5,完全免费,Noodlecake,2.3以上,2698,2285
史上最倒霉的游戏,6.0 ,冒险解谜,中文,51℃,2015-12-10,1.1.1,完全免费,Spil Games,2.3以上,1719,563
极品钢琴,5.8 ,益智休闲,英文,51℃,2016-06-08,4.3,完全免费,极品钢琴,2.1以上,743,135
最终幻想6免验证版(含数据包),8.7 ,角色扮演,"中文, 韩文, 日文",51℃,2015-12-04,2.1.6,完全免费,SQEX,3.2以上,5515,1846
王国保卫战(含数据包),7.8 ,策略塔防,英文,51℃,2015-10-12,2.6.5,完全免费,Ironhide Game,4.0以上,1857,1109
扩散性百万亚瑟王日本版,5.0 ,角色扮演,日文,51℃,2015-07-01,3.2.2,完全免费,SQEX,2.2以上,1111,218
小王子复国战(含数据包),7.8 ,策略塔防,中文,51℃,2013-07-12,1.6.1,完全免费,flaregames,2.2以上,1814,1208
使命召唤:突击队汉化修改版(含数据包),8.2 ,射击游戏,"英文, 中文",51℃,2014-06-27,1.0.30.40254,完全免费,"Activision Publishing, Inc.",4.0以上,20062,7728
异形2(含数据包),8.7 ,策略塔防,英文,51℃,2014-06-26,1.2,完全免费,11 bit studios,2.2以上,5507,2778
死亡飞车,5.1 ,竞速游戏,英文,51℃,2013-12-19,1.7,完全免费,Evil Indie Games,2.0.1以上,726,13
血饮狂刀,,动作游戏,英文,51℃,2013-05-19,1.0.6,完全免费,Gamelion Studios,2.0以上,1021,85
小怪兽求包养2,7.5 ,益智休闲,英文,51℃,2013-05-17,1.0.8,完全免费,Bit Ate Bit,2.1以上,744,256
弹壳:地狱佳丽(含数据包),5.1 ,飞行游戏,英文,51℃,2012-12-10,2.0.0,完全免费,Glu,2.1以上,2012,999
地牢猎人汉化版(含数据包),5.4 ,角色扮演,中文,51℃,2011-12-01,3.1.1,完全免费,Gameloft,2.0以上,1624,338
愤怒的小鸟卡丁车(含数据包),8.3 ,竞速游戏,中文,50℃,2016-09-29,2.3.6,完全免费,Rovio,2.3.3以上,7259,1018
僵尸山羊(含数据包),7.0 ,角色扮演,中文,50℃,2016-09-27,1.3.5,完全免费,Coffee Stain Studios,4.0.3以上,3329,1920
饥饿鲨世界3D(含数据包),5.8 ,益智休闲,英文,50℃,2016-09-02,1.4.0,完全免费,Ubisoft育碧,4.2以上,2510,808
小小弓手,5.9 ,益智休闲,英文,50℃,2016-08-29,1.6.25.0,完全免费,1DER,4.3以上,225,749
内购大师,5.0 ,游戏工具,英文,50℃,2016-08-12,1.2.9,完全免费,,2.3以上,1747,1068
桥梁构造者完整版,6.3 ,益智休闲,中文,50℃,2016-06-23,5.1,完全免费,ClockStone STUDIO,4.0.3以上,1107,593
战地:红色警戒,5.1 ,策略塔防,中文,50℃,2016-04-17,4.7.52,完全免费,Empire Game Studio,2.3以上,1281,200
愤怒的小鸟星球大战2,8.7 ,益智休闲,英文,50℃,2016-01-26,1.9.1,完全免费,Rovio,4.1以上,4101,166
变脸僵尸,4.9 ,益智休闲,英文,50℃,2015-12-09,4.41,完全免费,"MotionPortrait, Inc",2.3以上,1071,97
雷曼:丛林探险解锁版(含数据包),9.0 ,动作游戏,中文,50℃,2015-12-01,2.3.2,完全免费,Ubisoft育碧,2.3.3以上,5801,1105
冰块切割,5.3 ,益智休闲,英文,50℃,2015-07-02,2.4.7,完全免费,Hyperkani,2.3以上,578,90
符文大师,8.2 ,益智休闲,中文,50℃,2015-02-02,3.3.3,完全免费,"ATTOMEDIA, Inc.",2.2以上,4376,317
射杀僵尸:地狱门,5.0 ,射击游戏,中文,50℃,2014-10-20,5.3,完全免费,PNIX Games,2.3以上,906,143
三国群英传1,7.1 ,策略塔防,中文,50℃,2014-06-05,1.2.0,完全免费,,2.3以上,1987,861
激烈NDS模拟器,5.1 ,游戏工具,中文,50℃,2014-04-23,r2.2.1.2a,完全免费,,2.3以上,1247,241
枪火兄弟连2中文版(含数据包),7.7 ,射击游戏,中文,50℃,2014-01-06,1.2.3,完全免费,Glu,2.1以上,3287,1118
口袋地狱(含数据包),7.9 ,动作游戏,英文,50℃,2013-12-06,1,完全免费,SEGA世嘉,2.3.3以上,645,288
怪物射击,5.2 ,射击游戏,英文,50℃,2013-10-10,1.7,完全免费,Gamelion Studios,2.3.3以上,846,113
三国志,7.9 ,动作游戏,中文,50℃,2012-09-13,1.6,完全免费,,2.1以上,749,133
宠物小精灵,5.0 ,益智休闲,英文,50℃,2010-11-24,3.5,完全免费,,2.1以上,656,30
生命线:危机热线汉化版,6.8 ,冒险解谜,中文,49℃,2016-09-26,1,完全免费,3 Minute Games,4.0.3以上,289,743
饥饿鲨：进化,6.5 ,益智休闲,中文,49℃,2016-09-26,3.7.2.4,道具收费,北京掌趣科技股份有限公司,4.0以上,1156,814
PSP模拟器,6.4 ,游戏工具,中文,49℃,2016-09-19,1.3.0.1,完全免费,Henrik Rydg?rd,2.3以上,3559,750
宝石迷阵闪电战,8.1 ,益智休闲,英文,49℃,2016-09-14,1.22.0.93,完全免费,EA,2.3.3以上,3898,47
割绳子2,5.4 ,益智休闲,中文,49℃,2016-09-09,2.3.5,道具收费,游道易,4.1以上,734,222
史诗防御战:元素力量,5.1 ,策略塔防,英文,49℃,2016-08-18,1.1.0.5,完全免费,"DreamStudio, LLC",2.3以上,705,51
猫狗大战2,5.1 ,策略塔防,英文,49℃,2016-08-15,2.2,完全免费,WestRiver,2.3以上,1137,167
生存岛2016:野蛮完整汉化版,5.4 ,模拟经营,"英文, 中文",49℃,2016-06-01,1,完全免费,GameFirstMobile,2.3以上,694,2877
消灭糖果星星,,益智休闲,中文,49℃,2016-03-01,3.0.5,道具收费,深圳市唯变科技开发有限公司,2.3以上,479,25
FIFA16免验证版(含数据包),8.2 ,体育运动,英文,49℃,2016-01-22,3.2.113645,完全免费,EA,4.4以上,6819,1894
泡泡出击,,益智休闲,英文,49℃,2015-11-25,1.07,完全免费,GAMEON,2.3以上,626,39
史上最牛的游戏2中文版,8.0 ,益智休闲,中文,49℃,2015-10-20,20,道具收费,北京润德嘉华科技有限公司,2.2以上,4183,133
禁锢坦克3D精简版,5.0 ,射击游戏,英文,49℃,2015-10-19,2.14.61,完全免费,Lone Dwarf Games Inc,2.3以上,609,59
怪物猎人DH(含数据包),5.2 ,动作游戏,英文,49℃,2015-06-04,1.00.00,完全免费,Capcom,2.2以上,1530,836
山脊赛车:滑流修改版(含数据包),8.4 ,竞速游戏,中文,49℃,2014-11-06,2.3.1,完全免费,南梦宫NAMCO,4.0以上,5127,2190
愤怒的小鸟星球大战2无广告版,8.7 ,益智休闲,英文,49℃,2014-10-09,1.7.1,完全免费,Rovio,2.3以上,5102,195
加菲猫卡丁车修改版(含数据包),7.9 ,竞速游戏,英文,49℃,2014-04-16,1.1,完全免费,Anuman,3.0以上,982,270
僵尸世界大战(含数据包),7.2 ,射击游戏,中文,49℃,2013-12-07,1.3.2,完全免费,Paramount Digital Entertainment,3.2以上,4291,3047
地牢守护者(含数据包),5.3 ,角色扮演,英文,49℃,2013-12-07,5.38,完全免费,Trendy,2.1以上,2707,677
职业杀手:僵尸之城2,5.9 ,射击游戏,英文,49℃,2013-12-06,2.0.1,完全免费,Glu,2.1以上,2008,602
武士大战僵尸2中文版(含数据包),7.9 ,动作游戏,中文,49℃,2013-12-05,2.1.0,完全免费,Glu,2.1以上,3590,597
阳光走私船,7.3 ,竞速游戏,中文,49℃,2013-11-26,1.4.3,完全免费,Vector Unit,2.3以上,885,177
恐龙快打无限币摇杆版,5.0 ,动作游戏,中文,49℃,2013-07-19,13.3.5,完全免费,,2.1以上,645,59
黑暗旅行,6.1 ,益智休闲,中文,49℃,2013-01-05,1.1.4,完全免费,Chillingo,2.2以上,884,1013
终极三国学院,5.3 ,角色扮演,中文,49℃,2012-09-10,4,完全免费,阿皮吉,1.5以上,689,97
冒险迷宫村汉化版,7.8 ,模拟经营,中文,49℃,2012-03-24,1.0.1,完全免费,Kairosoft,1.6以上,1236,666
百战天虫中文破解版,5.6 ,益智休闲,中文,49℃,2012-03-09,0.0.95,完全免费,EA,1.6以上,918,211
游戏王:决斗新世代汉化版(含数据包),7.6 ,棋牌游戏,中文,48℃,2015-03-12,1,完全免费,科乐美,3.0以上,5016,5292
部落冲突：皇室战争,8.0 ,策略塔防,"英文, 中文",48℃,2016-09-20,1.5.0,完全免费,Supercell,4.0.3以上,7735,1218
迷之国度,6.7 ,角色扮演,中文,48℃,2016-08-24,1.21,道具收费,南京魔力多网络科技有限公司,2.3以上,1047,2111
愤怒的小鸟内购破解版,5.0 ,益智休闲,英文,48℃,2016-08-11,6.1.0,完全免费,Rovio,4.1以上,724,141
日在校园汉化版,6.6 ,模拟经营,中文,48℃,2016-08-06,1.07,完全免费,MDickie,2.2以上,1026,1004
三维迷宫完整版,5.3 ,益智休闲,中文,48℃,2016-03-13,1.7.2,完全免费,FridgeCat Software,1.6以上,650,126
泽诺尼亚传奇4,8.5 ,角色扮演,"英文, 韩文",48℃,2016-02-02,1.1.8,完全免费,GAMEVIL,2.1以上,7856,1208
三维保龄球,,益智休闲,英文,48℃,2015-10-19,2.9,完全免费,Italy Games,2.0.1以上,636,41
孤岛余生2完整版(含数据包),7.9 ,模拟经营,中文,48℃,2014-01-24,1,完全免费,G5,2.3.3以上,3441,2174
爸爸去哪儿,7.5 ,益智休闲,中文,48℃,2015-02-13,2.2.0,道具收费,成都蓝飞互娱科技有限公司,2.3以上,1124,49
口袋侦探2汉化版,5.8 ,冒险解谜,中文,48℃,2014-04-01,1.0.1,完全免费,NFLY STUDIO,2.3.3以上,1314,775
水果忍者大战彩虹糖,8.1 ,益智休闲,英文,48℃,2014-01-13,1.0.1,完全免费,Halfbrick Studios,2.3.3以上,5077,99
前线突击队官方中文版(含数据包),5.9 ,射击游戏,中文,48℃,2013-12-07,2.0.7,完全免费,Glu,2.1以上,3706,304
热血与荣耀:传奇中文版(含数据包),6.7 ,格斗游戏,中文,48℃,2013-12-06,2.0.2,完全免费,Glu,2.1以上,2894,664
迷你赛车,,竞速游戏,英文,48℃,2013-10-29,1.14,完全免费,Playerum,2.2以上,636,66
钢铁侠3-官方游戏(含数据包),5.8 ,动作游戏,中文,48℃,2013-07-12,1.0.0,完全免费,智乐软件北京有限公司,2.3以上,2520,1276
超级变脸,,益智休闲,英文,48℃,2013-06-17,1.9.0,完全免费,TONUZABA ENTERTAINMENT,1.6以上,627,11
坦克大战:激光战争,5.7 ,射击游戏,英文,48℃,2012-10-20,1.1.2,完全免费,Clapfoot Inc.,2.1以上,648,137
雷霆赛车2高清版,5.8 ,竞速游戏,英文,48℃,2012-06-13,1.0.10,完全免费,Polarbit,1.5以上,970,84
熊猫屁王,,益智休闲,中文,48℃,2012-02-20,1.0.1,完全免费,Camigo Media LLC,2.2以上,754,22
Garena英雄联盟资料书,,游戏工具,中文,48℃,2012-02-14,1.4,完全免费,GarenaTW,2.2以上,869,19
GT赛车之赛车学院高清版(含数据包),8.0 ,竞速游戏,英文,48℃,2011-07-16,3.1.8,完全免费,Gameloft,2.1以上,980,89
铁甲钢拳:世界机器人拳击修改版(含数据包),7.6 ,格斗游戏,中文,47℃,2016-10-02,27.27.752,完全免费,RG,2.3.3以上,1980,772
地牢猎手5,1.0 ,动作游戏,中文,47℃,2016-09-27,2.7.0m,完全免费,Gameloft,2.3以上,7685,0
智龙迷城,8.2 ,益智休闲,日文,47℃,2016-09-27,9.5.1,完全免费,GungHo Games,2.3以上,7784,122
高仿超级玛丽,4.8 ,冒险解谜,中文,47℃,2016-09-26,2.24.1,完全免费,Joerg Jahnke,2.3以上,757,41
暗黑复仇者II:暗夜重生,8.0 ,角色扮演,中文,47℃,2016-09-02,1.4.0,完全免费,GAMEVIL,2.3以上,4246,1640
一切尽失(含数据包),6.4 ,动作游戏,英文,47℃,2016-08-03,1.00.03.1,完全免费,Foursaken Media,4.0.3以上,548,1242
泡泡总动员增强版,,益智休闲,英文,47℃,2016-07-27,1.2.3,完全免费,,2.3以上,615,5
万能战车合金弹头3(含数据包),8.3 ,射击游戏,中文,47℃,2016-07-06,1.8,完全免费,SNK PLAYMORE,2.3.3以上,4848,489
反恐精英1.6客户端(含数据包),8.1 ,射击游戏,"英文, 中文",47℃,2016-04-29,1.01,完全免费,,1.5以上,6141,3441
雷曼:竞速嘉年华,8.9 ,动作游戏,"英文, 韩文",47℃,2015-12-11,1.2.8,完全免费,Ubisoft育碧,3.0以上,5230,844
亡灵骑士,,动作游戏,英文,47℃,2015-08-13,2.5.0,完全免费,Lethe Games,2.3以上,627,51
窒息隧道,7.8 ,益智休闲,英文,47℃,2015-07-23,14,完全免费,,2.3.3以上,780,175
直到晨曦来临直装版,9.0 ,冒险解谜,中文,47℃,2015-06-01,1,完全免费,Amazon Game Studios,3.0以上,6561,6556
极限摩托2冬季版,7.1 ,竞速游戏,英文,47℃,2014-11-13,2.24,完全免费,Deemedya m.s. ltd.,2.3以上,836,80
武士II复仇官方通用版,5.9 ,动作游戏,英文,47℃,2014-06-26,1.1.2,完全免费,Madfinger Games,2.3以上,1377,167
生化危机4中文修改版,7.5 ,角色扮演,中文,47℃,2014-04-22,疯子修改,完全免费,,2.1以上,5719,1765
恐惧之魂,8.4 ,动作游戏,英文,47℃,2014-01-21,1.5.1,完全免费,"GREE, INC",2.2以上,4952,244
万智牌2014(含数据包),8.1 ,棋牌游戏,英文,47℃,2014-01-09,1.5.0,完全免费,Wizards of the Coast LLC,2.3.3以上,6468,1139
鲁莽赛车2(含数据包),8.3 ,竞速游戏,中文,47℃,2013-07-05,1.0.4,完全免费,Polarbit,1.5以上,5212,462
雷蒙盖顿完整版(含数据包),5.7 ,动作游戏,中文,47℃,2013-05-27,3.01,完全免费,lantansia,2.3以上,1249,1271
血之荣耀中文版(含数据包),8.8 ,格斗游戏,中文,47℃,2012-09-04,1.1.7,完全免费,Glu,2.1以上,6488,456
雷电战机-组装战机(中文版),,飞行游戏,英文,47℃,2012-07-22,1.1,完全免费,"LeTang, Inc.",2.1以上,919,12
真实停车3D,5.3 ,模拟经营,英文,46℃,2016-09-20,3.04,完全免费,Clius,2.3以上,692,162
七彩祖玛3,,益智休闲,英文,46℃,2016-07-27,1.2.8,完全免费,Ezjoy,2.3以上,615,75
你能逃脱吗？,4.8 ,冒险解谜,英文,46℃,2016-07-16,1.2.9,完全免费,,4.0以上,575,134
扔纸团,,益智休闲,英文,46℃,2016-04-29,1.2.7,完全免费,Backflip Studios,2.3.3以上,640,57
飞行棋大战,5.3 ,益智休闲,中文,46℃,2016-03-11,2.6,完全免费,SohoMob,2.3以上,801,95
消灭星星2,,益智休闲,中文,46℃,2015-12-01,7,道具收费,嘉丰永道（北京）科技有限公司,2.3以上,2840,105
环太平洋修改版(含数据包),7.0 ,格斗游戏,英文,46℃,2015-11-04,1.9.6,完全免费,RG,2.3以上,3475,1172
我，角斗士修改版(含数据包),6.7 ,动作游戏,中文,46℃,2015-01-28,1.10.0.21621,完全免费,,2.3.3以上,3600,2902
动物过山车,7.3 ,益智休闲,英文,46℃,2015-09-15,1.0.5,完全免费,Ubisoft育碧,2.3.3以上,715,116
美国职业摔角2k15(含数据包),7.2 ,格斗游戏,英文,46℃,2015-07-17,1.1.8117,完全免费,2K Games,4.0以上,4175,1203
果冻防御(含数据包),7.9 ,策略塔防,英文,46℃,2015-07-01,1.24,完全免费,iDreams,2.3以上,1149,254
即插即用,6.5 ,冒险解谜,英文,46℃,2015-03-10,1.1.0,完全免费,,2.3以上,1096,842
绝不放弃,7.9 ,益智休闲,英文,46℃,2015-01-29,1.1,完全免费,Pencil Studios,2.3以上,775,457
天天炫斗,7.9 ,动作游戏,中文,46℃,2015-01-19,1.8.113.1,完全免费,腾讯,2.2以上,1604,137
蝙蝠侠:黑暗骑士崛起免谷歌离线版(含数据包),7.4 ,动作游戏,"英文, 中文",46℃,2015-01-18,1.1.6,完全免费,Gameloft,2.3以上,2868,2705
101个游戏合集,6.6 ,益智休闲,中文,46℃,2014-11-05,1.3.32,完全免费,Nordcurrent,2.3.3以上,1747,137
掌上拉力赛,5.7 ,竞速游戏,英文,46℃,2014-09-04,1.2.5,完全免费,,2.3以上,680,110
GT赛车2:实车体验破解版(含数据包),7.3 ,竞速游戏,"英文, 中文",46℃,2014-08-07,1.2.0,完全免费,Gameloft,2.3以上,2596,3412
掠夺之剑:暗影大陆汉化版(含数据包),8.1 ,角色扮演,中文,46℃,2014-06-18,1.3,完全免费,Crescent Moon,4.0以上,13298,6711
僵尸特攻队,4.9 ,动作游戏,中文,46℃,2014-05-09,2.1.1,完全免费,Glu,2.3以上,1535,509
百战天虫2:末日浩劫直装版,7.7 ,策略塔防,英文,46℃,2014-05-01,1.4.1,完全免费,Team 17,2.2以上,1242,268
玩具总动员:粉碎计划完整版,8.2 ,益智休闲,英文,46℃,2014-04-01,1.2.2,完全免费,Disney,2.3以上,4048,119
OSU!(含数据包),6.8 ,音乐游戏,中文,46℃,2014-01-16,1.5.10,完全免费,Pesets,1.6以上,1336,1063
波斯王子经典版(含数据包),8.3 ,动作游戏,中文,46℃,2013-12-06,2.1,完全免费,Ubisoft育碧,2.2以上,4493,1119
混沌之戒欧米伽(含数据包),5.8 ,角色扮演,中文,46℃,2013-12-03,1.1.5,完全免费,SQEX,2.3以上,940,663
黄金之剑汉化修改版,5.4 ,动作游戏,中文,46℃,2013-06-18,1.0.0,完全免费,Oddy Arts,2.2以上,842,988
马克思佩恩(含数据包),8.2 ,射击游戏,英文,46℃,2013-05-22,1.2,完全免费,Rockstar Games,2.3以上,6304,1970
声控赛车,5.1 ,竞速游戏,中文,46℃,2012-10-24,2.5,完全免费,Martin Alfaro,2.1以上,747,29
摩尔卡丁车中文版,8.0 ,竞速游戏,英文,46℃,2012-08-03,1.1.3,完全免费,,2.2以上,835,39
太平洋空战2,,飞行游戏,英文,46℃,2012-06-28,1.08,完全免费,Kalloc Studios,2.1以上,715,31
动物小钢琴,,音乐游戏,英文,46℃,2012-02-14,1,完全免费,,2.2以上,651,23
顶级卡车,,竞速游戏,英文,46℃,2011-10-10,1,完全免费,Ace Viral,2.1以上,615,6
罪恶都市之西海岸行动汉化版(含数据包),5.1 ,动作游戏,中文,46℃,2010-12-19,3.1.1,完全免费,Gameloft,2.0以上,2293,325
模拟农场16(含数据包),5.9 ,模拟经营,"英文, 中文",45℃,2016-09-29,1.1.0.9,完全免费,GIANTS Software,4.0.3以上,3550,939
魔法钢琴,5.3 ,音乐游戏,英文,45℃,2016-09-27,2.6.1,完全免费,Smule,4.1以上,715,340
CSR赛车(含数据包),7.5 ,竞速游戏,英文,45℃,2016-08-31,3.9.0,完全免费,NaturalMotionGames Ltd,4.0.3以上,1532,443
小小大战争2,5.7 ,策略塔防,英文,45℃,2016-08-22,1.0.26,完全免费,Rubicon Development,4.0.3以上,1035,651
滑雪板盛宴(含数据包),6.5 ,体育运动,中文,45℃,2016-03-21,1.1.5,完全免费,Ratrod,3.0以上,1553,2096
兄弟:双子传说免验证版(含数据包),8.5 ,冒险解谜,"英文, 中文",45℃,2016-06-09,1.0.0,完全免费,505 Games Srl,4.0以上,2097,5227
天堂岛汉化版,6.9 ,模拟经营,中文,45℃,2013-02-26,2.1.11,完全免费,GIGL,2.1以上,2897,776
合金弹头X(含数据包),4.8 ,射击游戏,中文,45℃,2016-01-22,1.1,完全免费,SNK PLAYMORE,2.3.3以上,1087,391
真实拳击(含数据包),8.2 ,体育运动,"英文, 中文",45℃,2015-09-08,2.3.0,完全免费,Vivid Games,2.3以上,5625,509
疯狂滑雪,8.6 ,体育运动,英文,45℃,2015-12-14,3.2,完全免费,Ezone,2.3以上,4134,51
致命框架测试版,8.9 ,益智休闲,中文,45℃,2015-09-14,2.1,完全免费,Loveshack,2.2以上,4322,1922
未来派赛车(含数据包),5.1 ,竞速游戏,中文,45℃,2015-09-02,1.1.6,完全免费,Pixelbite,2.3以上,986,278
燃烧吧！右脑的运动会2013夏季篇,6.3 ,益智休闲,中文,45℃,2015-08-26,1.7,完全免费,Auer Media & Entertainment,2.3以上,1728,267
逃脱游戏:心灵废墟汉化版,6.1 ,冒险解谜,中文,45℃,2015-04-28,1,完全免费,,2.3以上,897,526
梦游先生,5.5 ,益智休闲,英文,45℃,2015-02-13,1,完全免费,BEbit Studio,2.3以上,731,583
狙击手,5.1 ,射击游戏,英文,45℃,2014-06-16,2.05,完全免费,roidstudio,1.5以上,552,42
索尼克全明星赛车:变形(含数据包),8.8 ,竞速游戏,英文,45℃,2014-04-25,545632G4,完全免费,SEGA世嘉,4.0以上,4006,869
魂斗罗:进化革命,4.9 ,射击游戏,中文,45℃,2014-01-20,1.2.7,免费试玩,触控科技,2.1以上,2524,156
职业杀手:僵尸之城2官方中文版(含数据包),7.2 ,射击游戏,中文,45℃,2013-12-07,1.1.1,完全免费,Glu,2.1以上,2641,1006
波斯王子:影与火修改版,5.2 ,动作游戏,中文,45℃,2013-10-27,2.0.2,完全免费,Ubisoft育碧,2.3以上,1387,800
索尼克世嘉全明星赛车(含数据包),5.2 ,竞速游戏,英文,45℃,2013-09-19,1.0.1,完全免费,SEGA世嘉,2.3以上,711,345
冲破火网:巅峰(含数据包),7.0 ,射击游戏,中文,45℃,2013-06-29,1.1,完全免费,SEGA世嘉,1.5以上,1016,697
僵尸炮手,,动作游戏,"英文, 韩文",45℃,2013-03-18,1.0.2,完全免费,GAMEVIL,2.2以上,685,45
武士大战僵尸(含数据包),7.3 ,动作游戏,英文,45℃,2013-01-10,3.4.0,完全免费,Glu,2.1以上,1530,145
高智商游戏完整版,5.3 ,益智休闲,中文,45℃,2013-03-09,0.5.3,完全免费,Alexey Khripkov,2.1以上,692,157
玩命儿跑,,益智休闲,英文,45℃,2013-01-30,1.11,完全免费,,2.1以上,644,0
暴走！僵尸之城,7.7 ,益智休闲,英文,45℃,2012-09-30,1.1.2,完全免费,Glu,2.1以上,765,29
真实赛车2完整版摩托德仪版(含数据包),5.4 ,竞速游戏,中文,45℃,2012-01-16,315,完全免费,EA,2.1以上,1288,98
泽诺尼亚传奇3尘世的故事,,角色扮演,"英文, 韩文",45℃,2011-12-12,1.0.7,完全免费,GAMEVIL,2.1以上,1257,79
毛毛球,5.1 ,益智休闲,中文,45℃,2011-05-18,1,完全免费,PopCap,1.5以上,0,42
恶魔猎人,5.7 ,角色扮演,中文,45℃,2011-05-04,1.07,完全免费,BiCORE,2.1以上,0,291
街头篮球,5.5 ,体育运动,英文,44℃,2016-09-13,1.3,完全免费,Battery Acid Games,4.0.3以上,1040,344
梦境机器,6.2 ,益智休闲,英文,44℃,2016-09-21,1.32,完全免费,GameDigits Ltd,4.0.3以上,0,1479
未上锁的房间,8.1 ,冒险解谜,中文,44℃,2016-09-12,2.2,道具收费,蜂巢游戏,2.3以上,0,722
杀戮之旅3修改版(含数据包),6.1 ,射击游戏,"英文, 中文",44℃,2015-07-02,1.3.0,完全免费,Craneballs,4.1以上,0,4370
拳皇98(含数据包),6.0 ,格斗游戏,中文,44℃,2016-07-04,1.4,完全免费,SNK PLAYMORE,2.3.3以上,0,591
植物精灵(含数据包),8.6 ,冒险解谜,英文,44℃,2016-05-17,1.0.27,完全免费,Amanita Design,4.0以上,0,4529
真?三国无双SLASH,5.0 ,动作游戏,日文,44℃,2016-05-09,1.13.0,完全免费,KOEI TECMO,2.3.3以上,0,437
世界征服者3,7.3 ,策略塔防,中文,44℃,2015-10-29,1.1.2,道具收费,苏州乐志软件科技有限公司,4.0以上,0,521
跳棋大战,5.2 ,棋牌游戏,中文,44℃,2015-09-28,1.3.7,完全免费,SohoMob,2.3以上,604,100
模拟巴士3D,5.3 ,竞速游戏,英文,44℃,2015-09-15,1.9.1,完全免费,Ovidiu Pop,2.2以上,769,135
地狱摩托,5.0 ,竞速游戏,英文,44℃,2015-06-29,2,完全免费,Anji Games,3.0以上,0,435
天堂之路,5.2 ,益智休闲,中文,44℃,2015-06-02,1.0.4,完全免费,,4.0以上,0,467
星际战争:异形入侵完美版,5.9 ,射击游戏,中文,44℃,2015-05-11,2.80.01,道具收费,北极无限（北京）文化有限责任公司,2.2以上,0,579
战斗!,5.2 ,动作游戏,日文,44℃,2015-05-06,1.7.0,完全免费,"COLOPL, Inc.",2.3以上,0,146
刺猬索尼克2,8.0 ,动作游戏,中文,44℃,2015-04-14,3.1.5,完全免费,SEGA世嘉,2.3以上,652,132
猴子也疯狂,8.3 ,益智休闲,"中文, 韩文",44℃,2014-12-23,1.00.09,完全免费,Com2uS,2.2以上,0,120
外科医生(含数据包),8.2 ,模拟经营,英文,44℃,2014-11-17,1.1,完全免费,Bossa Studios Ltd,4.0以上,4939,2177
雷电:金属咆哮,,飞行游戏,中文,44℃,2014-06-25,2.0.33,道具收费,掌中酷柚,2.2以上,0,122
超炫别动队,7.2 ,动作游戏,英文,44℃,2014-09-18,2,完全免费,Ezone,2.3以上,921,122
疯狂的麦咭,,益智休闲,中文,44℃,2014-08-06,2,道具收费,拓维信息系统股份有限公司,2.3以上,774,91
小小部队修改版,5.7 ,射击游戏,中文,44℃,2012-11-20,1.0.6,完全免费,Chillingo,2.2以上,0,535
屠龙者(含数据包),7.6 ,格斗游戏,英文,44℃,2013-12-07,1.1.2,完全免费,Glu,2.1以上,0,840
鹰击长空汉化版(含数据包),5.2 ,飞行游戏,中文,44℃,2013-12-07,3.0.3,完全免费,Gameloft,2.0以上,1175,400
吸血鬼狂刀汉化版(含数据包),5.8 ,动作游戏,中文,44℃,2013-12-07,1.1.3,完全免费,KTH,2.1以上,0,529
使命召唤:黑色行动僵尸(含数据包),8.0 ,射击游戏,英文,44℃,2013-12-06,1.0.5,完全免费,Glu,2.3.3以上,0,1267
繁殖战争2,5.4 ,动作游戏,"中文, 韩文",44℃,2013-07-02,1.0.7,完全免费,GAMEVIL,2.2以上,854,233
蚁丘保卫战精简版,,策略塔防,中文,44℃,2013-05-10,1.0.10,完全免费,Thumbstar,2.2以上,0,27
最终幻想1中文版,7.6 ,角色扮演,中文,44℃,2012-03-21,2,完全免费,,2.1以上,1168,317
音速出击中文版,,音乐游戏,中文,44℃,2012-03-20,1.1.3,完全免费,Neowiz,2.2以上,0,37
魔兽争霸2,,策略塔防,英文,44℃,2011-10-06,0.9.7,完全免费,LasagnaWare,2.1以上,634,1
极品飞车13变速德州仪器(三星MOTO)版(含数据包),7.7 ,竞速游戏,中文,44℃,2011-07-18,1.0.62,完全免费,EA,1.6以上,1243,62
愤怒的小鸟爆破,5.3 ,益智休闲,英文,43℃,2016-09-30,1.1.1,完全免费,Rovio,4.1以上,27,39
泰坦黎明(含数据包),7.6 ,策略塔防,中文,43℃,2016-09-30,1.10.2,完全免费,Zynga,4.1以上,8620,5164
开心农场2:乡村度假,6.1 ,模拟经营,中文,43℃,2016-09-27,5.8.1062,完全免费,Zynga,4.0.3以上,849,148
模拟山羊:太空废物(含数据包),7.5 ,模拟经营,"英文, 中文",43℃,2016-09-27,1.0.6,完全免费,Coffee Stain Studios,4.0.3以上,1113,1862
怪兽军阀,7.0 ,养成游戏,"中文, 韩文",43℃,2016-09-23,3.2.2,完全免费,GAMEVIL,2.3以上,1635,335
真实架子鼓,5.7 ,音乐游戏,英文,43℃,2016-09-20,6.17,完全免费,Rodrigo Kolb,3.0以上,642,141
恐怖,6.0 ,冒险解谜,"英文, 中文",43℃,2016-09-18,1.2,完全免费,Genetic Studios,2.3以上,311,787
屠杀汉化版(含数据包),6.5 ,动作游戏,中文,43℃,2016-08-18,1.01,完全免费,Ray Spark,4.1以上,276,1095
幽灵记忆(含数据包),7.1 ,冒险解谜,英文,43℃,2016-08-09,1.3.1,完全免费,,4.1以上,4169,3787
打飞机,5.2 ,飞行游戏,英文,43℃,2016-08-02,2.6,完全免费,,2.3以上,586,27
索尼克大跳跃,,动作游戏,中文,43℃,2016-05-06,2.0.2,完全免费,SEGA世嘉,2.3.3以上,772,99
天才杀手汉化版,6.6 ,模拟经营,中文,43℃,2016-04-08,1.4.2,完全免费,Патюк Сергей,2.3以上,599,1543
终极格斗冠军赛(含数据包),7.8 ,格斗游戏,中文,43℃,2016-03-17,1.9.911319,完全免费,EA,2.3.3以上,1892,1108
幸存者:遗忘的森林(含数据包),7.9 ,模拟经营,英文,43℃,2016-03-07,1.2.3,完全免费,Starship Studio,2.3以上,3378,2267
最终幻想:维度(含数据包),6.0 ,角色扮演,中文,43℃,2013-12-06,1.0.2,完全免费,SQEX,2.3.3以上,894,513
大大大战争,5.5 ,策略塔防,英文,43℃,2015-11-04,1.5.3,完全免费,Rubicon Development,2.3.3以上,1213,478
僵尸公路,6.8 ,竞速游戏,英文,43℃,2015-09-15,1.10.7,完全免费,Auxbrain Inc,2.3以上,743,91
质量效应:渗透者,6.0 ,射击游戏,英文,43℃,2015-09-14,1.0.39,完全免费,EA,2.2以上,2555,1285
棍子英雄,5.1 ,益智休闲,英文,43℃,2015-04-29,1.5,完全免费,Ketchapp,2.3以上,527,137
不再犹豫全解锁版(含数据包),8.6 ,射击游戏,英文,43℃,2014-05-12,1.29,完全免费,,2.3.3以上,5510,1237
逃脱本色:门和房间(含数据包),6.3 ,冒险解谜,中文,43℃,2015-01-22,1.5.7,完全免费,Gameday Inc.,2.2以上,1324,275
Solo吉他软件,,益智休闲,英文,43℃,2014-11-13,1.7,完全免费,Coding Caveman,2.3.3以上,684,57
蜘蛛侠i9100版(含数据包),8.0 ,动作游戏,中文,43℃,2014-06-26,1.0.2,完全免费,Gameloft,2.0以上,2035,195
极限摩托2(含数据包),7.8 ,竞速游戏,英文,43℃,2011-12-01,2.8,完全免费,Deemedya m.s. ltd.,2.1以上,1315,213
迷你英雄(含数据包),5.5 ,射击游戏,英文,43℃,2013-12-07,4.3.4,完全免费,Triniti Interactive Ltd.,2.0.1以上,1617,398
近地轨道防御2(含数据包),6.1 ,射击游戏,英文,43℃,2013-12-07,1.0.4,完全免费,Gameloft,2.0以上,2365,1072
钓大鱼完整版,,益智休闲,英文,43℃,2013-12-03,1.7,完全免费,Rocketmind,2.0.1以上,784,45
击倒铝罐2,,射击游戏,英文,43℃,2013-09-21,1.14,完全免费,iDreams,2.0.1以上,793,37
前线突击队(含数据包),8.1 ,射击游戏,英文,43℃,2013-07-31,3.0.3,完全免费,Glu,2.1以上,7207,883
萌军赶死队修改版,5.1 ,策略塔防,"中文, 韩文",43℃,2013-06-17,1.0.0,完全免费,Com2uS,2.1以上,2163,369
绵羊特工,,益智休闲,英文,43℃,2013-05-20,1.2,完全免费,BeepGames,2.0.1以上,557,13
空袭警报,,飞行游戏,英文,43℃,2013-03-19,1.1.1,完全免费,JoJoGame,2.2以上,595,9
极品飞车17修改器,6.3 ,游戏工具,中文,43℃,2013-03-05,1,完全免费,,2.1以上,1157,463
极限摩托车,,竞速游戏,英文,43℃,2012-10-25,1.8.7,完全免费,Camel,1.6以上,822,12
勇猛二兄弟(含数据包),8.1 ,射击游戏,英文,43℃,2012-08-08,3.5.0,完全免费,Glu,2.0以上,4362,43
纽约过山车,4.9 ,竞速游戏,英文,43℃,2012-06-28,1.5,完全免费,DigitalChocolate,2.2以上,662,29
灵魂争霸免数据包版,5.4 ,角色扮演,中文,43℃,2012-06-18,0.7.5,完全免费,,2.3.3以上,947,473
PopStar！消灭星星官方正版,,益智休闲,中文,42℃,2016-09-28,4.5.0,道具收费,掌游天下（北京）信息技术有限公司,2.3以上,649,37
火星探险,6.7 ,益智休闲,中文,42℃,2016-09-28,6,完全免费,Pomelo Games,4.0.3以上,208,522
炫光动感修改版(含数据包),8.2 ,音乐游戏,"英文, 中文",42℃,2016-08-24,3.1.1,完全免费,C4Cat,4.0.3以上,3839,3297
杀手:狙击手(含数据包),7.5 ,射击游戏,中文,42℃,2016-08-12,1.7.69607,完全免费,SQEX,4.1以上,5904,3237
暖暖的换装物语,5.5 ,养成游戏,中文,42℃,2016-07-22,4.0.1,道具收费,北京达唯科技股份有限公司,2.3以上,602,106
顶级卡车免费版,5.1 ,竞速游戏,英文,42℃,2016-07-16,1.6.0,完全免费,Ace Viral,2.3以上,569,33
小三传奇,8.5 ,益智休闲,中文,42℃,2016-06-01,1.3.6,完全免费,Sirvo llc,4.0以上,3419,403
行尸走肉第一季完整版(含数据包),8.1 ,动作游戏,英文,42℃,2016-02-27,1.18,完全免费,Telltale Games,2.3.3以上,9938,3233
桥梁构造者:特技,6.3 ,竞速游戏,"英文, 中文",42℃,2016-02-08,1.4,完全免费,Headup Games,3.2以上,4214,829
退休巫师的故事,,策略塔防,中文,42℃,2015-11-24,2.1,完全免费,WestRiver,2.3以上,2027,238
疯狂漂移精简版（含数据包）,5.1 ,竞速游戏,英文,42℃,2015-10-19,1.69,完全免费,Ratrod,3.1以上,610,45
王国保卫战:前线汉化版(含数据包),9.0 ,策略塔防,中文,42℃,2013-12-07,1.0.2,完全免费,Ironhide Game,4.0以上,8060,2294
曼陀罗(含数据包),5.7 ,益智休闲,英文,42℃,2015-09-25,3.0.0,完全免费,雷亚,2.3.3以上,983,590
超级跑酷猴,,动作游戏,英文,42℃,2015-09-16,1.0.8,完全免费,Geimo,2.2以上,638,34
暗影之刃完整版(含数据包),8.0 ,动作游戏,英文,42℃,2014-03-11,1.0.4,完全免费,Crescent Moon,2.3.3以上,3468,860
生命线汉化版,7.0 ,冒险解谜,中文,42℃,2015-07-27,1.3.1,完全免费,3 Minute Games,4.0以上,2429,1651
毁灭枪手第二季,5.0 ,射击游戏,英文,42℃,2015-07-16,1.27,完全免费,SHADE Inc.,2.2以上,886,192
几何战争3:维度(含数据包),7.1 ,射击游戏,英文,42℃,2015-07-06,1.0.0,完全免费,"Activision Publishing, Inc.",4.0以上,2685,2237
QQ农场,5.1 ,益智休闲,中文,42℃,2015-07-01,v3.2.1,完全免费,腾讯,2.2以上,622,53
迷你赛车(含数据包),5.4 ,竞速游戏,英文,42℃,2015-03-08,1.8.2,完全免费,The Binary Mill,2.3.3以上,1698,234
漂泊,7.4 ,益智休闲,英文,42℃,2014-12-19,1.2.1,完全免费,Wright Flyer,4.2以上,681,1001
龙之勇士之李小龙高通版(含数据包),4.8 ,动作游戏,中文,42℃,2014-06-11,1.15.26,完全免费,,2.1以上,1530,272
死亡效应修改版(含数据包),7.7 ,射击游戏,英文,42℃,2014-03-03,1.2.1,完全免费,BadFly Interactive,2.3.3以上,2514,1652
兄弟连2,7.7 ,射击游戏,英文,42℃,2012-07-22,1.1.8,完全免费,Gameloft,2.1以上,6451,1832
摩托车大奖赛(含数据包),7.0 ,竞速游戏,英文,42℃,2013-12-07,1.18,完全免费,Technologies XLab,1.6以上,679,54
超级竞速(含数据包),7.6 ,竞速游戏,中文,42℃,2013-12-06,2.3,完全免费,FISHLABS Entertainment GmbH,2.3.3以上,976,182
地牢猎人(含数据包),5.1 ,角色扮演,英文,42℃,2013-12-05,3.5.9,完全免费,Gameloft,2.0以上,939,139
超越光速,,飞行游戏,英文,42℃,2013-08-26,1.4.2,完全免费,CatfishBlues Games,2.2以上,769,56
怪物射击:失落破坏,8.0 ,射击游戏,英文,42℃,2013-03-27,1.9,完全免费,Gamelion Studios,2.2以上,933,154
模拟火车,5.2 ,模拟经营,英文,42℃,2013-04-24,1.3.7,完全免费,N3V Games,2.3以上,811,232
动感超人,5.1 ,动作游戏,"中文, 韩文",42℃,2012-12-18,1.0.3,完全免费,Com2uS,2.2以上,950,142
禁锢坦克3D完整版,5.2 ,射击游戏,英文,42℃,2012-12-07,2.14.2,完全免费,Lone Dwarf Games Inc,2.0以上,732,78
小小大战争,5.0 ,策略塔防,英文,42℃,2012-10-29,1.2.8,完全免费,Rubicon Development,2.2以上,818,68
猫骑士VS大恶龙修改版,5.2 ,动作游戏,中文,41℃,2013-08-29,1.0.2,完全免费,ANIMOCA,2.2以上,650,146
以色列战斗机,5.1 ,飞行游戏,英文,41℃,2016-09-26,1.3.7,完全免费,Third Wire Productions,4.0.3以上,583,104
愤怒的老奶奶玩酷跑内购破解版,7.6 ,益智休闲,英文,41℃,2016-09-11,1.42,完全免费,Ace Viral,3.0以上,852,85
百变英雄3,7.0 ,射击游戏,英文,41℃,2016-08-22,1.34,完全免费,Ravenous Games,2.3以上,2113,560
模拟遥控飞机,5.0 ,飞行游戏,英文,41℃,2016-08-15,3.07,完全免费,Happy Bytes LLC,2.3.3以上,714,122
矢量跑酷完整版,6.5 ,益智休闲,英文,41℃,2016-07-19,1.2.0,完全免费,Nekki,4.0以上,1071,493
午夜狂飙,7.0 ,竞速游戏,英文,41℃,2016-06-20,1.2.6,完全免费,ICLOUDZONE INC.,2.3以上,628,26
中国象棋,6.0 ,棋牌游戏,中文,41℃,2016-06-17,1.68,完全免费,,1.6以上,675,122
90坦克大战,,益智休闲,英文,41℃,2016-06-13,1.3,完全免费,siqi,2.3以上,615,55
住宅梦物语汉化版,5.4 ,模拟经营,中文,41℃,2012-11-20,1.0.0,完全免费,Kairosoft,2.2以上,938,345
神剑,5.1 ,动作游戏,英文,41℃,2016-04-28,3.3,完全免费,LootWorks,2.3以上,668,84
找你妹2015,8.0 ,益智休闲,中文,41℃,2016-03-09,4.0.4,道具收费,北京分播时代网络科技有限公司,2.3.3以上,777,54
3D跑酷,,体育运动,英文,41℃,2016-03-01,1.74,完全免费,Ezone,2.3以上,803,41
愤怒的火柴人3修改版,4.8 ,动作游戏,英文,41℃,2013-04-21,1.0.1,完全免费,Miniclip,2.1以上,1192,221
雷电复刻版(含数据包),4.7 ,飞行游戏,英文,41℃,2015-07-21,1.9,完全免费,DotEmu,2.3.3以上,744,134
DJMAXRAY(含数据包),7.7 ,音乐游戏,英文,41℃,2015-07-02,1.4.7,完全免费,Neowiz,2.3以上,854,563
流亡:远殖民地汉化版(含数据包),8.2 ,角色扮演,中文,41℃,2015-01-07,2.17,完全免费,Crescent Moon,4.0以上,3380,5355
火焰VS外传:亡灵塔,5.0 ,策略塔防,中文,41℃,2015-05-19,1.25.1,道具收费,广州火蚂蚁软件开发有限公司,2.3以上,664,168
魔窟冒险(含数据包),8.4 ,动作游戏,英文,41℃,2015-05-08,1.1.9,完全免费,,2.3以上,5098,3717
花式投篮大赛,,体育运动,英文,41℃,2015-04-24,4.4.0,完全免费,,2.3以上,587,50
引火精灵:第二个影子,8.2 ,动作游戏,英文,41℃,2015-02-17,1.5,完全免费,Surprise Attack Pty Ltd,2.3以上,3487,1016
精神病院3汉化版(含数据包),8.1 ,冒险解谜,中文,41℃,2014-12-30,1.01,完全免费,AGaming+,4.0以上,6603,3086
灵魂争霸(含数据包),5.0 ,角色扮演,英文,41℃,2014-11-05,2.7.8,完全免费,MobileBits GmbH,2.3.3以上,2436,412
深渊:伊甸的幽灵完整版(含数据包),7.1 ,冒险解谜,中文,41℃,2014-10-20,1.3,完全免费,G5,2.3以上,1390,888
战地坦克,5.0 ,射击游戏,英文,41℃,2014-05-13,1.5,完全免费,sd,2.0.1以上,867,191
燃烧的蔬菜3,,策略塔防,中文,41℃,2014-07-24,1.0.0,道具收费,索乐软件,2.2以上,628,64
舰队大作战,5.0 ,策略塔防,中文,41℃,2014-04-29,1.4.0,完全免费,"Triad Gene Software Co.,Ltd.",2.2以上,695,128
弧光中队:回归(含数据包),7.9 ,飞行游戏,英文,41℃,2014-01-10,1.4,完全免费,Psyonix Studios,3.1以上,1056,597
灵魂穿越者:柏树女巫的诅咒完整版(含数据包),5.3 ,冒险解谜,中文,41℃,2013-12-07,1,完全免费,G5,2.3以上,1193,996
浴火银河2(含数据包),8.0 ,射击游戏,英文,41℃,2013-12-07,1.0.4.7,完全免费,FISHLABS Entertainment GmbH,2.3以上,1272,302
黑暗势力:堕落王朝(含数据包),5.1 ,角色扮演,英文,41℃,2013-12-06,2.6.5,完全免费,Triniti Interactive Ltd.,2.2以上,934,434
鹰击长空(含数据包),5.2 ,飞行游戏,英文,41℃,2013-12-06,3.4.6,完全免费,Gameloft,2.0以上,1008,222
泽诺尼亚传奇3尘世的故事中文版,5.4 ,角色扮演,"中文, 韩文",41℃,2013-11-14,1.0.2,完全免费,GAMEVIL,2.1以上,1417,805
吵醒猫猫,5.2 ,益智休闲,英文,41℃,2013-10-23,1.0.0,完全免费,Chillingo,2.3以上,687,265
现代战争,5.0 ,策略塔防,中文,41℃,2013-09-27,1.18.3,完全免费,Gaijin Entertainment,2.3.3以上,615,172
燃烧的蔬菜,8.0 ,益智休闲,中文,41℃,2013-06-21,4.0.0,免费试玩,索乐软件,2.1以上,3760,0
海军航空战士完整版,5.3 ,飞行游戏,英文,41℃,2012-12-31,2.01,完全免费,RORTOS,2.2以上,791,124
真实足球2013高清离线版(含数据包),5.2 ,体育运动,中文,41℃,2012-11-10,1.0.3,完全免费,Gameloft,2.3以上,964,430
国际斯诺克,5.0 ,体育运动,英文,41℃,2012-11-10,2.3,完全免费,My Interactive,2.3以上,654,46
小鸡快跑2012,,益智休闲,英文,41℃,2012-09-17,3.2.0,完全免费,GIU GAME,2.1以上,643,3
快乐涂鸦,,益智休闲,英文,41℃,2012-08-23,2.7,完全免费,,2.0以上,614,8
拳皇13,5.3 ,格斗游戏,英文,41℃,2012-06-14,12.04.05,完全免费,G-Gee by GMO,2.1以上,848,40
超炫3D隧道,5.1 ,益智休闲,英文,41℃,2012-05-09,2.5.45,完全免费,HyperBees,2.2以上,848,56
游击队鲍勃中文通用版,,射击游戏,中文,41℃,2012-03-12,1.3.1,完全免费,Chillingo,2.0.1以上,699,71
恶魔之地,4.8 ,冒险解谜,英文,41℃,2012-03-01,1,完全免费,ShyRatel,1.6以上,695,289
小鸡快跑,5.0 ,益智休闲,英文,41℃,2011-08-18,1.1.2,完全免费,,2.1以上,800,6
魔剑镇魂曲英雄之泪,6.2 ,策略塔防,中文,41℃,2011-04-19,1.0.7,完全免费,,1.5以上,924,134
子弹力量(含数据包),7.1 ,射击游戏,"英文, 中文",40℃,2016-09-30,1,完全免费,Lucas Wilde,4.2以上,913,1424
疾风之刃:天空骑士团,7.9 ,角色扮演,中文,40℃,2016-09-27,2.29.3,完全免费,GAMEVIL,2.3.3以上,1510,1157
猎鹿人2014,7.9 ,射击游戏,中文,40℃,2016-09-27,2.12.0,完全免费,Glu,3.0以上,6526,1195
脑力游戏,6.8 ,益智休闲,中文,40℃,2016-09-18,1.9.1,完全免费,Memorado Gmbh,4.1以上,2224,841
滑雪大冒险2,5.6 ,动作游戏,中文,40℃,2016-09-09,1.2.1,道具收费,游道易,2.3以上,658,55
极限着陆专业版(含数据包),8.2 ,飞行游戏,"英文, 中文",40℃,2016-09-01,2.3,完全免费,RORTOS,4.0以上,1490,1112
二战神鹰2:太平洋1942内购破解版,5.1 ,飞行游戏,英文,40℃,2014-07-28,1.22,完全免费,EpicForce Entertainment Ltd,2.3以上,668,132
七彩祖玛2,5.0 ,益智休闲,英文,40℃,2016-07-26,1.2.4,完全免费,Ezjoy,2.3以上,572,47
时尚跑酷,5.1 ,益智休闲,英文,40℃,2016-07-16,1.8,完全免费,PICTOSOFT Inc,2.3以上,680,39
不可思议之路,6.7 ,益智休闲,英文,40℃,2016-05-20,1.2.4,完全免费,PIXELSONTOAST,4.0以上,1165,379
NDS模拟器,5.0 ,游戏工具,英文,40℃,2016-02-17,47,完全免费,Jeffrey Quesnelle,2.3.3以上,668,50
英雄大作战X,7.9 ,格斗游戏,中文,40℃,2015-11-18,1.091,完全免费,Marti Wong,2.2以上,2932,597
又是这关2,5.2 ,益智休闲,英文,40℃,2015-11-13,1.13,完全免费,IamTagir,2.3.3以上,1080,245
荒野求生,7.0 ,益智休闲,英文,40℃,2015-09-16,1.4,完全免费,F84 Games,3.2以上,1080,111
鼻涕猪完整版,6.9 ,益智休闲,英文,40℃,2014-04-16,1,完全免费,Revolutionary Concepts,2.3以上,781,442
方块拼凑,5.7 ,益智休闲,英文,40℃,2015-02-13,1,完全免费,Gameblyr,2.3以上,868,525
战地防御2完整版(含数据包),5.7 ,策略塔防,英文,40℃,2015-01-20,1.4.2,完全免费,ARTEM,2.3以上,832,251
天天过马路,5.5 ,益智休闲,"英文, 中文",40℃,2014-12-29,1.1.11,完全免费,Hipster Whale,4.0.3以上,635,247
3D模拟人生3免验证版(含数据包),7.8 ,模拟经营,英文,40℃,2014-08-19,1.5.21,完全免费,EA,2.1以上,2852,1046
雷神2:黑暗世界破解版(含数据包),7.7 ,动作游戏,中文,40℃,2014-08-08,1.2.0,完全免费,Gameloft,2.3以上,1886,1795
迷你农场,7.8 ,模拟经营,"中文, 韩文",40℃,2014-08-05,2.02.00,完全免费,Com2uS,2.2以上,1272,225
天空猎人forKakao,,飞行游戏,英文,40℃,2014-03-21,3.3.0,完全免费,"WeMade Entertainment CO., LTD",2.3.3以上,530,32
超级网球大奖赛(含数据包),8.7 ,体育运动,中文,40℃,2013-12-06,4,完全免费,SEGA世嘉,2.3以上,4160,400
攻城大战TD中文修改版(含数据包),,策略塔防,中文,40℃,2013-08-30,1.0.1,完全免费,Crescent Moon,2.2以上,829,461
宫爆老奶奶季节版,5.0 ,动作游戏,中文,40℃,2013-10-31,1.4.0,道具收费,热酷,2.2以上,661,39
离子苍穹完整版,5.1 ,飞行游戏,英文,40℃,2013-06-27,2.9.6,完全免费,Spikepit Games,2.2以上,572,110
热血与荣耀(含数据包),5.2 ,格斗游戏,英文,40℃,2012-09-01,1.1.6,完全免费,Glu,2.1以上,758,58
监狱逃脱,,益智休闲,英文,40℃,2012-08-14,1.2.1.1,完全免费,IzumiArtisan,2.1以上,641,43
弗雷德高空坠落,,益智休闲,英文,40℃,2012-05-25,1.0.16,完全免费,Dedalord,2.2以上,968,40
死亡奔跑,,益智休闲,英文,40℃,2012-05-15,1.4.4,完全免费,Distinctive Wireless Inc.,1.6以上,530,63
艾德温娜传说,,角色扮演,"英文, 韩文",40℃,2012-05-09,1.0.1,完全免费,GAMEVIL,2.1以上,592,176
战斗精灵HD汉化版,4.8 ,角色扮演,中文,40℃,2012-05-02,1,完全免费,,2.1以上,948,170
帝国战争,5.0 ,策略塔防,中文,40℃,2012-02-23,1.02,完全免费,BiCORE,2.1以上,912,76
艾露西亚,,角色扮演,"英文, 韩文",40℃,2012-02-15,1.2.3,完全免费,GAMEVIL,2.0以上,940,130
登山赛车,5.6 ,益智休闲,中文,39℃,2016-09-20,1.30.7,道具收费,北京唯我乐园信息技术有限公司,2.2以上,760,126
3D像素射击(含数据包),7.4 ,射击游戏,中文,39℃,2016-09-10,11.0.0,完全免费,RiliSoft ltd,4.0.3以上,5099,1763
猎鹿人2016,7.8 ,射击游戏,"英文, 中文",39℃,2016-09-09,2.3.1,完全免费,Glu,3.0以上,3408,495
滑雪大冒险,5.0 ,益智休闲,中文,39℃,2016-09-09,2.3.2,道具收费,游道易,2.3以上,514,100
愤怒的小鸟2(含数据包),8.4 ,益智休闲,英文,39℃,2016-09-09,2.9.0,道具收费,Rovio,4.1以上,6154,352
我爱钓鱼精简版,,益智休闲,英文,39℃,2016-08-25,7,完全免费,Rocking Pocket Games,3.0以上,413,39
星际穿越,7.3 ,模拟经营,中文,39℃,2016-08-22,1.2.3,完全免费,Paramount Digital Entertainment,4.0以上,1121,1414
城市岛屿,5.3 ,模拟经营,英文,39℃,2016-07-29,2.22.8,完全免费,More2create,2.3以上,505,114
暗黑守护者,,动作游戏,英文,39℃,2016-05-20,1.1,完全免费,,2.3以上,387,199
3D巴士停车,5.3 ,益智休闲,英文,39℃,2016-05-06,1.8.1,完全免费,riv3r,4.0以上,392,35
死亡战车,7.5 ,竞速游戏,英文,39℃,2016-02-29,1.0.29,完全免费,Not Doppler,2.2以上,799,84
Ben10终极英雄:Xenodrome中文破解版,5.4 ,角色扮演,中文,39℃,2016-01-12,1.2.7,完全免费,TurnOut Ventures Ltd,2.3以上,807,380
破门而入(含数据包),8.5 ,策略塔防,英文,39℃,2015-12-18,1.0.57,完全免费,KillHouse Games,4.0.3以上,5655,4211
王国保卫战:起源(含数据包),9.3 ,策略塔防,英文,39℃,2015-10-12,1.5.2,完全免费,Ironhide Game,4.0以上,6171,3939
浴火银河2汉化解锁版(含数据包),8.1 ,射击游戏,"英文, 中文",39℃,2014-07-14,2.0.2,完全免费,FISHLABS Entertainment GmbH,3.1以上,5479,4995
猫咪后院汉化版,5.7 ,养成游戏,中文,39℃,2015-06-18,1.3.0,完全免费,HitPoint Inc.,2.3以上,997,597
舞剑驭龙者,5.3 ,角色扮演,中文,39℃,2015-05-06,1.6.12,完全免费,,4.0.3以上,494,193
吓人恶作剧汉化版,,益智休闲,中文,39℃,2015-04-28,1.13,完全免费,Freedom Recyle,1.6以上,561,45
愤怒的小鸟思黛拉,7.9 ,益智休闲,"英文, 中文",39℃,2015-04-24,1.1.5,完全免费,Rovio,4.0以上,857,190
天天风之旅,7.9 ,益智休闲,中文,39℃,2015-03-19,1.1.9.321,完全免费,腾讯,2.2以上,706,102
迷你英雄2:僵尸(含数据包),7.9 ,射击游戏,英文,39℃,2015-02-15,2.1.3,完全免费,Triniti Interactive Ltd.,2.3.3以上,1996,1247
火柴人狙击3,5.0 ,射击游戏,英文,39℃,2015-02-11,1.0.7,完全免费,DPFLASHES STUDIOS,2.2以上,502,256
开罗拉面店汉化版,5.7 ,模拟经营,中文,39℃,2015-01-22,1.0.0,完全免费,Kairosoft,4.0以上,685,483
战斗之心:传承汉化版(含数据包),8.4 ,角色扮演,中文,39℃,2014-11-05,1.2.2,完全免费,Mika Mobile,4.1以上,6756,6440
跳楼英雄,7.5 ,益智休闲,英文,39℃,2014-12-01,2.9.1,完全免费,Secret Exit Ltd.,2.2以上,1034,148
消灭星星（官方正版）,5.1 ,益智休闲,中文,39℃,2014-07-15,3,道具收费,北京百度移讯科技有限公司,1.6以上,487,107
死亡绝境(含数据包),7.9 ,动作游戏,英文,39℃,2013-01-14,2.1.2,完全免费,Glu,2.1以上,868,488
恐龙快打,7.3 ,角色扮演,中文,39℃,2014-08-26,4,完全免费,,2.1以上,836,49
幽浮:未知敌人免验证版(含数据包),8.9 ,策略塔防,英文,39℃,2014-08-25,1.1.0,完全免费,2K Games,2.3以上,6154,2453
轨道建设,,益智休闲,英文,39℃,2014-08-17,1.55,完全免费,CrossConstruct,2.3以上,578,89
幕府将军的头骨直装版,8.7 ,策略塔防,中文,39℃,2014-06-12,1,完全免费,"17-BIT, Inc",2.3.3以上,3842,763
威力扫荡,5.1 ,动作游戏,英文,39℃,2014-01-24,1.1.5,完全免费,Retrobomb,2.2以上,707,76
背刺市场版(含数据包),8.0 ,角色扮演,英文,39℃,2013-12-07,1.2.6,完全免费,Gameloft,2.1以上,5680,1888
自由越野摩托车汉化版(含数据包),4.9 ,体育运动,中文,39℃,2011-06-17,1.04,完全免费,Xlab Technologies Lt,1.6以上,553,68
一起跳舞吧(含数据包),,音乐游戏,韩文,39℃,2013-12-06,1.2.8,完全免费,"WeMade Entertainment CO., LTD",2.2以上,932,132
美国队长:自由哨兵,5.1 ,动作游戏,英文,39℃,2013-12-06,1.0.2,完全免费,Marvel,2.1以上,663,410
猎鹿人重装上阵(含数据包),4.7 ,射击游戏,英文,39℃,2013-12-05,3.8.2,完全免费,Glu,2.1以上,940,134
都市赛车5(含数据包),5.6 ,竞速游戏,中文,39℃,2013-12-05,1.2.5,完全免费,Gameloft,1.5以上,728,113
飞机世界,4.7 ,飞行游戏,英文,39℃,2013-06-08,1.2.2,完全免费,,2.3.3以上,737,73
职业杀手(含数据包),4.8 ,射击游戏,英文,39℃,2013-04-01,1.6.0,完全免费,Glu,2.0以上,582,122
喵星忍者,,动作游戏,中文,39℃,2013-02-06,1.08,完全免费,mountain lion,2.1以上,573,39
横扫僵尸,,射击游戏,英文,39℃,2012-10-15,1.5,完全免费,SimpleGamesStudio,2.1以上,510,18
雷霆赛车2完整版,5.1 ,竞速游戏,英文,39℃,2012-10-01,1.0.0,完全免费,Polarbit,1.5以上,1111,37
会说话的河马,,益智休闲,英文,39℃,2012-09-18,1.2.6,完全免费,Outfit7,1.5以上,473,23
枪火兄弟连中文版(含数据包),5.1 ,射击游戏,中文,39℃,2012-09-04,3.1.4,完全免费,Glu,2.0以上,1015,180
玛雅的祖玛,,益智休闲,英文,39℃,2012-07-25,1.6,完全免费,adams02113,1.6以上,460,28
水管迷宫2,7.5 ,益智休闲,英文,39℃,2012-06-23,1,完全免费,Best Apps House Ltd.,2.0.1以上,594,35
办公室发泄完整版,,益智休闲,英文,39℃,2012-06-21,1.6.09,完全免费,Fluik,2.1以上,517,10
乐器之家,5.1 ,音乐游戏,英文,39℃,2012-03-07,6.0.7,完全免费,Christopher Souvey,2.1以上,377,51
特审组之养育之恩完整版(含数据包),7.4 ,冒险解谜,中文,39℃,2012-02-09,1.0.0,完全免费,G5,2.1以上,988,355
星际闪电战(含数据包),4.8 ,射击游戏,英文,39℃,2011-09-16,1.1.2,完全免费,Glu,2.0以上,581,59
魔灵召唤:天空之役,8.0 ,角色扮演,中文,38℃,2016-09-29,3.0.9,完全免费,Com2uS,3.0以上,1209,665
儿童拼图,,益智休闲,中文,38℃,2016-09-26,2.9.21,完全免费,Yodesoft,2.3.3以上,242,27
愤怒的小鸟史诗大战(含数据包),8.2 ,角色扮演,中文,38℃,2016-09-22,1.5.2,完全免费,Rovio,2.3.3以上,4149,532
无限循环,5.6 ,益智休闲,中文,38℃,2016-09-21,4.96,完全免费,Balys Valentukevicius,4.0.3以上,1069,464
永不孤单(含数据包),7.3 ,冒险解谜,"英文, 中文, 韩文, 日文",38℃,2016-09-20,1.0.0,完全免费,Upper One Games,2.3以上,2291,3985
被尘封的故事,8.3 ,角色扮演,中文,38℃,2016-09-12,10.6.3,道具收费,乐动卓越,2.3以上,7670,2332
命运之谜2汉化版(含数据包),5.9 ,角色扮演,"英文, 中文",38℃,2016-08-27,1.001,完全免费,Dotomchi Games,2.3.3以上,180,660
战龟(含数据包),6.0 ,射击游戏,英文,38℃,2016-08-17,1.00.09.2,完全免费,Foursaken Media,4.0.3以上,768,1827
混沌之戒3(含数据包),8.6 ,角色扮演,英文,38℃,2016-08-05,1.1.1,完全免费,SQEX,4.0以上,9685,6133
泡泡龙,,益智休闲,中文,38℃,2016-07-29,4.2,完全免费,Go App,2.3以上,216,27
疯狂漂移,,竞速游戏,英文,38℃,2016-07-07,1.71,完全免费,Ratrod,4.0以上,467,36
钻石之星,,益智休闲,英文,38℃,2016-06-16,3.4,完全免费,ITREEGAMER,4.1以上,217,22
时空之轮(含数据包),7.6 ,角色扮演,中文,38℃,2016-03-07,1.0.6,完全免费,SQEX,2.2以上,1007,467
灵魂能力(含数据包),6.0 ,格斗游戏,英文,38℃,2016-01-22,1.0.15,完全免费,南梦宫NAMCO,2.3.3以上,2188,529
巨型迷宫完整版,5.0 ,冒险解谜,英文,38℃,2016-01-19,1.04,完全免费,Rexet Studio,2.3以上,400,361
密室逃脱3(含数据包),4.9 ,冒险解谜,中文,38℃,2016-01-11,1.3.1,完全免费,Gameday Inc.,3.0以上,2333,705
收割者之剑客传奇,7.8 ,角色扮演,英文,38℃,2015-12-03,1.4.13,完全免费,Hexage,4.0以上,1257,948
纸境(含数据包),7.9 ,冒险解谜,中文,38℃,2015-11-16,1.12.0,完全免费,Nyamyam,4.4以上,4406,6290
虚空之虫完整版(含数据包),8.2 ,益智休闲,中文,38℃,2015-10-16,2.4,完全免费,BeautiFun Games,2.3以上,4708,1480
会说话的纳豆,,益智休闲,英文,38℃,2015-09-15,1.1.6,完全免费,Cotton Interactive,2.1以上,222,24
最终幻想4:月之归还汉化版(含数据包),7.8 ,角色扮演,"英文, 中文, 日文",38℃,2014-05-05,1.0.3,完全免费,,2.3以上,1871,1073
火线指令:战柏林修改版(含数据包),6.0 ,射击游戏,中文,38℃,2015-06-15,1.1.0,完全免费,Glu,3.0以上,1978,715
疼痛之旅,,冒险解谜,英文,38℃,2015-06-12,1.0.8,完全免费,Chillingo,2.3.3以上,298,38
雷霆战机,7.9 ,飞行游戏,"英文, 中文",38℃,2015-03-20,1.00.110,完全免费,腾讯,2.2以上,662,98
鳄鱼小顽皮爱洗澡2,4.6 ,益智休闲,中文,38℃,2014-12-03,2.7.0,道具收费,触控科技,2.3.3以上,453,192
被诅咒的心完整版(含数据包),6.0 ,益智休闲,中文,38℃,2014-11-17,1.5,完全免费,G5,2.3以上,851,622
小红帽穿越记修改版,7.7 ,角色扮演,"中文, 韩文",38℃,2013-08-21,1.0.4,完全免费,Com2uS,2.1以上,1435,591
暗影之枪中文版,8.1 ,射击游戏,中文,38℃,2014-06-30,3.0.3,道具收费,优美缔软件（上海）有限公司,2.0.1以上,3960,586
塔楼逃生,7.9 ,动作游戏,中文,38℃,2014-05-09,1.3.2,完全免费,The Game Bakers,2.2以上,848,135
愤怒的小鱼高清版,,益智休闲,中文,38℃,2013-11-27,2.0.16,免费试玩,深圳易图通科技有限公司,2.1以上,478,53
象棋大师,4.9 ,棋牌游戏,中文,38℃,2014-04-14,3.1,完全免费,MyDreamFactory,2.2以上,174,49
数独加强版,5.6 ,益智休闲,英文,38℃,2013-12-11,1.1.8,完全免费,NRSM,2.2以上,231,74
狂野飙车-喷射联想定制版(含数据包),5.1 ,竞速游戏,中文,38℃,2013-12-07,1.1.0,完全免费,Gameloft,2.1以上,1277,244
墨鬼Tegra版(含数据包),5.1 ,动作游戏,英文,38℃,2013-12-06,1,完全免费,ACQUIRE corporation,4.0以上,604,352
超音速隧道高清版,,竞速游戏,英文,38℃,2013-09-25,1.1.6,完全免费,Kuuasema,2.1以上,389,40
炙热之魂:加速进化(含数据包),7.6 ,角色扮演,英文,38℃,2013-07-09,1.5,完全免费,HyperDevbox Studio,2.2以上,829,612
急速飙车2,4.8 ,竞速游戏,英文,38℃,2013-01-08,1.1.4,完全免费,OoO studio,2.2以上,323,2
灵魂救星2汉化版,7.9 ,角色扮演,中文,38℃,2012-08-03,1.0.1,完全免费,,2.2以上,1125,1129
剑圣:复仇君主(含数据包),8.0 ,动作游戏,英文,38℃,2012-11-15,2.3,完全免费,,2.2以上,4090,199
烧绳子官方中文完整版,,益智休闲,英文,38℃,2012-10-27,1.2.22,完全免费,Big Blue Bubble,1.6以上,193,30
武士大战僵尸中文版(含数据包),7.2 ,动作游戏,中文,38℃,2012-09-04,1.2.6,完全免费,Glu,2.1以上,2220,65
口袋妖怪钻石,5.4 ,冒险解谜,中文,38℃,2012-08-28,1,完全免费,,2.3.3以上,667,231
暴走！僵尸之城中文版,7.6 ,益智休闲,中文,38℃,2012-08-10,1.0.2,完全免费,Glu,2.1以上,881,55
枫叶冒险岛,7.6 ,冒险解谜,"英文, 韩文",38℃,2012-07-03,1.1.1,完全免费,NEXON,2.2以上,1262,131
武神:死亡地带,,动作游戏,英文,38℃,2012-05-20,1.0.3,完全免费,WIZ Communications Inc.,2.0.1以上,380,33
太鼓次郎(含数据包),7.6 ,音乐游戏,日文,38℃,2011-12-16,3,完全免费,,2.1以上,806,186
虚拟家庭完整版,5.1 ,模拟经营,英文,38℃,2011-09-08,1.1,完全免费,"Last Day of Work, LLC",1.6以上,452,130
豪华俄罗斯方块,4.8 ,益智休闲,英文,38℃,2011-07-15,1.08,完全免费,,1.6以上,190,10
3D大海战,,策略塔防,英文,38℃,2011-05-24,1.0.3,完全免费,"Artificial Life, Inc.",2.0.1以上,170,36
天空的荣耀,5.3 ,飞行游戏,英文,38℃,2011-01-23,1.0.2,完全免费,,2.0以上,447,103
燃烧的轮胎,5.0 ,竞速游戏,英文,38℃,2010-10-21,2,完全免费,,2.0以上,147,5
像素城市战争(含数据包),6.5 ,射击游戏,英文,37℃,2016-09-18,5.1.3,完全免费,,2.3.3以上,2256,1211
高尔夫之星,7.9 ,体育运动,"中文, 韩文",37℃,2016-09-28,4.4.3,完全免费,Com2uS,2.3以上,1076,319
诺亚之瓶,7.9 ,音乐游戏,中文,37℃,2016-09-26,2.11,完全免费,Free Music game,4.0以上,2925,2472
Anipang拼图解密forKakao,,益智休闲,韩文,37℃,2016-09-20,1.3.46,完全免费,"SUNDAYTOZ, INC",2.3以上,454,42
真实滑板,5.3 ,体育运动,英文,37℃,2016-08-29,1.4.4,完全免费,True Axis,2.3以上,933,283
僵尸大战玩具,,策略塔防,英文,37℃,2016-08-05,1.01.00,完全免费,MANASTONE,3.0以上,880,96
迷失之声(含数据包),8.2 ,冒险解谜,中文,37℃,2016-06-17,1.9.13,完全免费,,2.3.3以上,3584,5003
修剪艺术,7.7 ,益智休闲,中文,37℃,2016-05-13,1.0.61,完全免费,Joel McDonald,2.3.3以上,2684,2047
卡通战争,,策略塔防,"英文, 韩文",37℃,2016-04-09,1.1.2,完全免费,GAMEVIL,2.3以上,472,72
回声探路,6.9 ,冒险解谜,中文,37℃,2016-03-23,1.3.2,完全免费,RAC7,2.3以上,1935,1212
神奇绘图,5.4 ,冒险解谜,英文,37℃,2016-03-02,1.7.1,完全免费,isTom Games,3.0以上,351,927
独轮车,7.9 ,益智休闲,英文,37℃,2015-12-10,1.44,完全免费,Simon Durcroquet,2.3以上,616,100
神秘之剑,7.8 ,动作游戏,中文,37℃,2015-12-07,1.2.2,道具收费,北京雷霆万钧网络科技有限责任公司,2.3以上,2439,1306
大海战2汉化版(含数据包),6.1 ,策略塔防,中文,37℃,2015-02-13,1.131,完全免费,Capital j Media LLC,2.3以上,2608,1383
蘑菇大战,,策略塔防,英文,37℃,2015-11-24,2.4,完全免费,WestRiver,2.3以上,204,53
伊莎贝尔(含数据包),5.8 ,角色扮演,英文,37℃,2013-12-07,3.3,完全免费,,2.0.1以上,806,1181
火柴人网球,5.1 ,体育运动,英文,37℃,2015-11-04,1.8,完全免费,Djinnworks e.U.,2.3以上,354,86
火柴人篮球完整版,8.0 ,体育运动,英文,37℃,2014-07-28,1.2,完全免费,Djinnworks e.U.,2.2以上,810,326
啪啪英雄,8.0 ,益智休闲,英文,37℃,2015-08-26,1.32,完全免费,,2.3.3以上,629,72
愤怒的老奶奶2,,益智休闲,英文,37℃,2015-07-02,1.0.9,完全免费,Ace Viral,2.3以上,174,34
纵横合体打飞机,5.0 ,飞行游戏,"英文, 日文",37℃,2015-05-29,1.00.01,完全免费,Capcom,4.0以上,2072,169
玩具熊的五夜后宫3,5.5 ,冒险解谜,英文,37℃,2015-04-13,1.07,完全免费,Scottgames,2.3以上,1565,712
寿司好友,5.0 ,模拟经营,中文,37℃,2015-01-21,1.5.5,完全免费,"FUN,COOL & ADDICTING GAMES",2.3.3以上,223,81
会说话的情人,,益智休闲,中文,37℃,2014-10-13,3.0.0,道具收费,苏州天平先进数字科技有限公司,2.3.3以上,91,63
X战警:逆转未来破解版,8.1 ,动作游戏,英文,37℃,2014-09-04,1,完全免费,Marvelous Games,4.0以上,3657,1155
南极大冒险,5.1 ,冒险解谜,英文,37℃,2014-08-01,2.1.2,完全免费,Supersolid,2.3以上,246,53
大鼻子探险家完整版,7.9 ,益智休闲,英文,37℃,2014-06-11,1.0.790,完全免费,Paolo Tajè,2.3.3以上,617,76
女巫重生汉化破解版,5.1 ,策略塔防,中文,37℃,2014-05-10,1.02,完全免费,Dotomchi Games,2.3以上,424,443
决战海盗,4.8 ,策略塔防,英文,37℃,2014-05-04,1.1.50,完全免费,"Flashpoint Games, LLC",2.3以上,213,94
坦克大战(含数据包),5.3 ,射击游戏,中文,37℃,2013-12-10,1.1.3g,完全免费,Gameloft,2.3以上,460,387
暴力战车(含数据包),5.3 ,射击游戏,英文,37℃,2013-12-06,3.0.0,完全免费,Glu,2.1以上,793,100
黑帮时代(含数据包),4.7 ,模拟经营,英文,37℃,2012-09-11,2.2.3,完全免费,Glu,2.1以上,564,166
3D越野赛车精简版,,竞速游戏,英文,37℃,2013-10-21,1.19,完全免费,Gray Fin Studios,2.2以上,194,8
天空之城,,模拟经营,中文,37℃,2013-07-12,3.08,完全免费,JCE,2.2以上,499,56
捣蛋派,8.1 ,益智休闲,英文,37℃,2013-02-07,1.0.5,完全免费,北京微科思微尔毕科技有限责任公司,2.2以上,3910,20
要塞围城,7.1 ,策略塔防,中文,37℃,2012-09-27,2.1,完全免费,第九城市,2.0以上,1051,116
美女格斗,,格斗游戏,英文,37℃,2012-07-17,1.1.3,完全免费,"PJS-Coding, S.L.",2.0以上,188,73
特种部队暴力街区中文版,,射击游戏,中文,37℃,2012-03-31,1,完全免费,,2.1以上,245,7
钻石迷情,,益智休闲,英文,37℃,2012-02-24,2.3.1,完全免费,Smartpix Games,1.5以上,850,12
古剑奇缘诛仙,,角色扮演,中文,37℃,2011-08-08,1,道具收费(2元),仙掌软件,1.6以上,41,3
矢量跑酷2,7.0 ,动作游戏,英文,36℃,2016-09-26,1.0.4,完全免费,Nekki,4.1以上,861,238
云朵追逐者汉化版,6.7 ,冒险解谜,中文,36℃,2016-09-09,1.0.51,完全免费,Blindflug StudiOS,4.4以上,3922,2278
生化危机之横扫僵尸,5.2 ,射击游戏,中文,36℃,2015-05-13,1.36,道具收费,杭州非奇科技有限公司,2.2以上,341,72
屠龙猎手高清版(含数据包),5.0 ,角色扮演,英文,36℃,2016-09-18,1.7.0,完全免费,Tatem Games,4.0.3以上,502,268
愤怒的小鸟变形金刚,7.7 ,动作游戏,中文,36℃,2016-09-09,1.9.40,道具收费,咪咕互动娱乐有限公司,4.0以上,1407,836
圣犬帕拉,7.5 ,策略塔防,英文,36℃,2016-08-30,2.2.0,完全免费,FazeCat,2.1以上,1470,140
印第安探险2(含数据包),8.0 ,动作游戏,英文,36℃,2016-08-29,1.0.7,完全免费,ALPER SARIKAYA,2.3.3以上,1552,869
森林生活,5.0 ,养成游戏,英文,36℃,2016-08-09,2.0.9,完全免费,Cross Field,4.0以上,230,194
劳拉:遗迹逃亡修改版(含数据包),6.1 ,动作游戏,英文,36℃,2016-06-22,1.10.97,完全免费,SQEX,3.0以上,2687,873
黑暗领地修改版,7.9 ,动作游戏,中文,36℃,2016-05-19,1.2.5,完全免费,Bulkypix,4.4以上,729,377
拳皇97高清版,5.1 ,格斗游戏,中文,36℃,2016-04-21,2.1.6612,道具收费,北京武耀科技有限公司,2.3.3以上,585,181
像素魂斗罗2,8.0 ,动作游戏,英文,36℃,2016-02-18,2.0.3,完全免费,OrangePixel,2.3以上,2021,592
大西洋舰队(含数据包),7.4 ,射击游戏,英文,36℃,2016-02-08,1.12,完全免费,Killer Fish Games,4.0以上,2869,1245
元素:史诗英雄(含数据包),7.5 ,角色扮演,"英文, 中文, 韩文, 日文",36℃,2015-12-26,1.5.5,完全免费,GAMEVIL,2.3.3以上,910,1194
冰冻时间2,5.2 ,益智休闲,中文,36℃,2015-12-11,1.14,完全免费,Frozen Gun Games,4.1以上,2509,754
死亡之眼,8.2 ,冒险解谜,英文,36℃,2015-05-23,2.2,完全免费,LoadComplete,2.3.3以上,3123,794
孤胆枪手(含数据包),5.6 ,射击游戏,英文,36℃,2014-12-01,1.1.2,完全免费,Sigma Team,3.0以上,723,282
僵尸前线3D,5.1 ,射击游戏,中文,36℃,2015-04-07,2.4,道具收费,杭州非奇科技有限公司,2.2以上,666,138
卡牌地牢汉化版(含数据包),6.3 ,棋牌游戏,中文,36℃,2015-02-04,1.2,完全免费,"Playtap Games, LLC",2.3.3以上,942,1663
世界2-魔物狩猎(含数据包),7.7 ,角色扮演,中文,36℃,2014-11-20,1,完全免费,Good Game & OXON game studio,2.3.3以上,2989,1257
乌托邦跑酷,7.5 ,益智休闲,英文,36℃,2015-01-16,1.2.1,完全免费,Noble Muffins,2.3以上,684,41
无重力战机(含数据包),6.0 ,飞行游戏,中文,36℃,2014-11-06,1.10.2,完全免费,realtech VR,2.3以上,379,103
虫虫历险记,5.1 ,益智休闲,英文,36℃,2014-10-25,1.9,完全免费,FDG Entertainment GmbH,2.3以上,57,39
别出白线,7.8 ,益智休闲,英文,36℃,2014-07-07,1.4,完全免费,Kevin Choteau,2.3以上,651,236
幻影城堡(含数据包),8.4 ,动作游戏,英文,36℃,2014-07-01,1.1.0,完全免费,Disney,4.0以上,3724,1581
魔法庄园,8.1 ,模拟经营,"中文, 韩文",36℃,2014-05-28,1.4.4,完全免费,Com2uS,2.2以上,4272,286
袋子大乱斗,,益智休闲,中文,36℃,2014-03-29,3.2,完全免费,Hidden Variable Studios,2.1以上,296,50
密室逃脱汉化版(含数据包),7.5 ,益智休闲,中文,36℃,2013-12-06,1.0.2,完全免费,,2.2以上,1030,170
水果连连看3,,益智休闲,英文,36℃,2013-09-23,2.0.0,完全免费,phoebe,2.1以上,111,2
3D急速摩托,5.1 ,竞速游戏,英文,36℃,2013-08-02,4.0.4,完全免费,fractiv,2.0.1以上,119,4
三国志街机版,5.2 ,动作游戏,中文,36℃,2013-07-29,5.2.6,完全免费,,1.5以上,108,52
疯狂原始人,7.8 ,模拟经营,英文,36℃,2013-06-08,1.2.0,完全免费,Rovio,2.3以上,736,128
疯狂滑雪专业版,,体育运动,英文,36℃,2012-12-11,1.1.5,完全免费,Ezone,2.0.1以上,94,28
劲乐团4汉化版,,音乐游戏,中文,36℃,2011-07-21,4.1.1,完全免费,Tapulous,2.1以上,194,89
小鸟防御-鸟蛋保卫战,,策略塔防,英文,36℃,2012-11-05,1.3,完全免费,yohosuff,2.1以上,143,4
重力小飞侠,5.0 ,动作游戏,英文,36℃,2012-10-26,1.4.5,完全免费,Miniclip,2.1以上,96,41
口袋妖怪漆黑魅影,5.9 ,角色扮演,中文,36℃,2012-09-24,1.0.3,完全免费,,2.1以上,684,165
猴子塔防4,7.9 ,策略塔防,英文,36℃,2012-08-21,2.1.0,完全免费,Digital Goldfish Ltd,1.5以上,668,9
超音速飞行3D中文版,,竞速游戏,中文,36℃,2012-08-08,1.32,完全免费,Osaris,2.2以上,173,33
隐秘古堡,,益智休闲,英文,36℃,2012-03-09,1,完全免费,3D Methods,1.6以上,43,14
真实足球2011(含数据包),4.9 ,体育运动,英文,36℃,2011-12-01,3.1.7,完全免费,Gameloft,2.1以上,380,102
刺客信条:启示录,5.0 ,角色扮演,英文,36℃,2011-11-01,1.0.8,完全免费,Gameloft,1.5以上,335,135
泽诺尼亚传奇2,5.2 ,角色扮演,"英文, 韩文",36℃,2011-03-30,1.0.5,完全免费,GAMEVIL,1.5以上,307,135
盗贼国王,8.4 ,动作游戏,中文,35℃,2016-09-28,2.13.3,完全免费,ZeptoLab,4.0.3以上,4439,663
童话农场(含数据包),4.8 ,模拟经营,英文,35℃,2016-09-18,2.9.4,完全免费,Game Garden?,2.3.3以上,375,140
粉粹办公室,7.0 ,益智休闲,英文,35℃,2016-09-18,1.10.32,完全免费,,4.0.3以上,801,81
战锤40K:弑君者汉化版(含数据包),6.7 ,策略塔防,"英文, 中文",35℃,2016-08-16,1,完全免费,Hammerfall,4.0以上,523,1061
小黄人天堂,6.0 ,模拟经营,中文,35℃,2016-09-02,9.2.3239,完全免费,EA,4.1以上,2161,917
伊苏1直装汉化版,7.4 ,角色扮演,"中文, 韩文, 日文",35℃,2015-07-19,1.0.0,完全免费,DotEmu,4.0以上,3544,1886
勇者之塔,5.8 ,益智休闲,中文,35℃,2016-08-16,1.5.3,完全免费,Tatsuki,2.3.3以上,2088,379
未上锁的房间3(含数据包),9.0 ,冒险解谜,英文,35℃,2016-08-04,1.03,完全免费,Fireproof Games,4.0.3以上,6837,5193
帝国VS兽人,,策略塔防,英文,35℃,2016-08-04,1.1.5,完全免费,Ezjoy,2.3以上,120,36
忍者跳跃豪华版去广告版,5.1 ,动作游戏,英文,35℃,2015-10-09,1.2.5,完全免费,Backflip Studios,2.3.3以上,1177,212
泡泡世界,,益智休闲,英文,35℃,2016-07-04,1.18,完全免费,Hapoga,4.1以上,67,21
波克艾克大冒险(含数据包),8.5 ,冒险解谜,英文,35℃,2016-04-22,1.7.1,完全免费,POSSIBLE Games,2.3以上,3775,1619
超能英雄:重生免验证版(含数据包),7.0 ,角色扮演,中文,35℃,2016-04-14,2,完全免费,Phosphor Games Studio,4.2以上,4735,3074
遗弃(含数据包),7.3 ,冒险解谜,英文,35℃,2016-03-17,1.1.31,完全免费,Gaijin Distribution,4.4以上,5056,3029
PewDiePie:兄弟拳传奇(含数据包),7.2 ,动作游戏,"英文, 中文",35℃,2016-03-24,1.4.0,完全免费,Outerminds Inc.,2.3.3以上,2492,852
越野传奇(含数据包),5.1 ,竞速游戏,英文,35℃,2016-03-21,1.3.10,完全免费,DogByte Games,2.3以上,192,66
保卫萝卜2,8.6 ,益智休闲,中文,35℃,2016-01-27,2.1.0,完全免费,萝卜工场,2.3以上,3809,354
上帝之火:普罗米修斯的崛起免验证版(含数据包),8.1 ,动作游戏,中文,35℃,2016-01-15,1.1.3,完全免费,Vivid Games,4.1以上,8746,6803
迷你血战2:僵尸,7.8 ,射击游戏,中文,35℃,2015-09-15,1.61,道具收费,东品西尚网络科技（北京）有限公司,4.0.3以上,610,381
抓玩具,,益智休闲,英文,35℃,2015-09-15,3.4,完全免费,Game Circus LLC,2.3.3以上,102,24
魔导小英雄(含数据包),5.8 ,角色扮演,中文,35℃,2015-08-19,1.1.3,完全免费,Happy Mage,4.0以上,1060,2040
监狱生活免验证版(含数据包),6.3 ,角色扮演,"英文, 中文",35℃,2015-08-04,1.4.0,完全免费,NobStudio,1.5以上,3621,1715
提基卡丁车,5.0 ,竞速游戏,英文,35℃,2015-07-20,7.2,完全免费,Arb Studios LLC,2.3以上,114,36
触摸侦探菇菇栽培研究室四季版,7.7 ,模拟经营,中文,35℃,2015-07-02,1.1.1,完全免费,BeeworksGames,2.3以上,666,191
重力迷宫,,益智休闲,英文,35℃,2015-04-22,2.1.11,完全免费,Opena,2.2以上,49,46
别踩白块儿3D版,7.0 ,益智休闲,英文,35℃,2015-04-13,1.07,完全免费,AG,2.3以上,690,64
机械战警(含数据包),7.7 ,射击游戏,中文,35℃,2015-02-04,3.0.6,完全免费,Glu,2.3以上,2759,803
法师防御,,策略塔防,英文,35℃,2015-01-04,2.5,完全免费,WestRiver,2.3以上,149,50
我要搬家,5.1 ,益智休闲,"中文, 韩文",35℃,2014-12-03,1.2.2,完全免费,Com2uS,2.1以上,204,73
玩具熊的五夜后宫2,6.1 ,冒险解谜,英文,35℃,2014-11-17,1.07,完全免费,Scottgames,2.3以上,707,483
摇摇欲坠,6.0 ,益智休闲,英文,35℃,2014-09-04,1.2.1,完全免费,.GEARS Studios,2.3.3以上,494,101
攻城诛魔:战争时代修改版(含数据包),,动作游戏,英文,35℃,2014-02-27,1,完全免费,Crescent Moon,2.3以上,524,511
2048原始版,5.7 ,益智休闲,英文,35℃,2014-04-01,4,完全免费,Estoty Entertainment Lab,2.3.3以上,284,132
迷你冲撞,8.3 ,动作游戏,英文,35℃,2013-09-13,1.05,完全免费,PlayCreek LLC,2.2以上,4921,318
谁动了我的奶酪,6.4 ,益智休闲,英文,35℃,2014-02-15,1.1,完全免费,,2.2以上,593,27
罪恶都市之西海岸的喧嚣(含数据包),5.0 ,动作游戏,英文,35℃,2013-12-05,3.4.0,完全免费,Gameloft,2.0以上,607,101
巨星是怎样炼成的,,养成游戏,"中文, 韩文",35℃,2013-11-01,1.1.6.2,完全免费,Com2uS,2.2以上,135,74
击倒铝罐,5.0 ,益智休闲,英文,35℃,2013-09-18,1.32,完全免费,iDreams,2.0.1以上,129,36
暴走大冒险汉化版,6.3 ,益智休闲,中文,35℃,2013-07-31,3,完全免费,ThankCreate Studio,2.2以上,1565,229
密室逃脱记,,益智休闲,英文,35℃,2013-04-22,1.5,完全免费,"IDAC CO.,LTD.",2.2以上,74,12
战斗机战争,,飞行游戏,英文,35℃,2013-04-21,1.2.0,完全免费,,2.2以上,33,0
涂鸦战船,,射击游戏,英文,35℃,2013-04-13,1.1.4,完全免费,Mass Creation,2.2以上,46,7
僵尸射击,,射击游戏,英文,35℃,2013-01-12,1.7.1,完全免费,TwoHeads Games,2.3以上,170,93
捍卫钓鱼岛,4.9 ,策略塔防,中文,35℃,2012-10-12,1.103.0,完全免费,omi131,1.6以上,770,10
士兵荣耀之二战完整版,,策略塔防,英文,35℃,2012-08-28,1.1.6,完全免费,Cat Studio Inc.,2.1以上,283,40
太阳能充电器,5.0 ,益智休闲,英文,35℃,2012-04-01,1.1,完全免费,Szlab,1.6以上,412,31
打飞你的好友,,益智休闲,英文,35℃,2012-03-05,1.09,完全免费,,2.0以上,210,3
台球俱乐部,5.1 ,体育运动,英文,35℃,2012-01-04,1.1.0,完全免费,Future Games of London,1.6以上,106,58
恐怖庄园的秘密汉化版,5.1 ,益智休闲,中文,35℃,2011-04-29,1.3,完全免费,,2.0.1以上,612,84
果宝三国,5.0 ,动作游戏,中文,34℃,2016-09-29,4.5,道具收费,乐逗,2.3.3以上,377,79
现代战争,5.1 ,策略塔防,英文,34℃,2016-09-29,6.6.0,完全免费,"GREE, INC",4.0.3以上,186,91
马儿快跑中文版,7.6 ,模拟经营,"中文, 韩文",34℃,2016-09-06,2.3.7,完全免费,Com2uS,2.3.3以上,912,94
英雄围城:口袋版(含数据包),7.3 ,角色扮演,英文,34℃,2016-08-17,1.7.3,完全免费,Panic Art Studios,2.3以上,1779,1474
3D枪械拆解2(含数据包),5.1 ,益智休闲,英文,34℃,2016-05-31,12.2.0,完全免费,Noble Empire,2.2以上,357,276
越野传奇2修改版(含数据包),5.5 ,竞速游戏,英文,34℃,2016-03-25,1.2.5,完全免费,DogByte Games,2.3以上,341,463
幻象杀手(含数据包),7.3 ,冒险解谜,英文,34℃,2016-03-26,1.0.2 137220,完全免费,"Aspyr Media, Inc.",4.1以上,2221,2992
奔跑的弗雷德修改版,,益智休闲,英文,34℃,2016-03-25,1.8.0,完全免费,Dedalord,2.3以上,479,85
火柴人足球2014完整版,7.0 ,体育运动,英文,34℃,2016-03-15,2.1,完全免费,Djinnworks e.U.,2.3以上,757,254
小鸡盖饭,5.1 ,益智休闲,英文,34℃,2016-02-16,2.1,完全免费,Gam.eBB,2.3以上,77,64
最终幻想:Agito完整版(含数据包),8.5 ,角色扮演,日文,34℃,2015-11-26,3.0.5,完全免费,SQEX,2.3.3以上,4100,1287
天使之剑修改版(含数据包),8.1 ,角色扮演,中文,34℃,2015-09-14,1.0.5,完全免费,DVide Arts Incorporated,4.3以上,3691,1404
特务型战任务:柏林(含数据包),5.3 ,动作游戏,"英文, 中文",34℃,2015-08-17,1.2.2,完全免费,WBIE,4.0以上,3327,713
末日经营者,7.9 ,模拟经营,中文,34℃,2015-07-22,127.0.7,完全免费,G5,2.3.3以上,1273,749
关东煮店人情故事汉化版,5.3 ,养成游戏,中文,34℃,2015-06-16,1.0.0,完全免费,"GAGEX Co.,Ltd.",4.0以上,1259,746
村庄日记汉化版,5.1 ,益智休闲,中文,34℃,2015-04-30,1.1.0,完全免费,Chillingo,4.0.3以上,1553,581
暴力反击修改版(含数据包),5.8 ,格斗游戏,英文,34℃,2014-07-17,1.8.0,完全免费,Chillingo,2.3.3以上,626,508
真实足球2015免验证版,7.4 ,体育运动,英文,34℃,2014-07-10,1.0.0,完全免费,Gameloft,2.3以上,892,171
哥斯拉:攻击区完整版(含数据包),7.5 ,角色扮演,中文,34℃,2014-05-12,1.0.0,完全免费,WBIE,4.0以上,1344,759
口袋世界(含数据包),7.6 ,角色扮演,英文,34℃,2013-12-07,1.21,完全免费,Tasty Poison Games,2.2以上,1007,392
非常跑酷(含数据包),7.5 ,益智休闲,英文,34℃,2013-12-07,1.5.2,完全免费,Get Set Games Inc.,2.2以上,807,87
全键盘模拟钢琴完全版,5.2 ,音乐游戏,英文,34℃,2013-06-20,2.4.14,完全免费,cyandroid,2.2以上,86,31
坦克骑士(含数据包),5.0 ,射击游戏,英文,34℃,2013-06-18,1.0.5,完全免费,Polarbit,1.5以上,236,78
嗜血狂鲨1,,益智休闲,英文,34℃,2013-06-06,2.2.1,完全免费,Future Games of London,1.6以上,237,8
冒险塔路路汉化版,,角色扮演,中文,34℃,2013-04-26,1.0.5,完全免费,mobirix,2.1以上,176,197
跨界网球,,体育运动,中文,34℃,2012-11-16,2.1.1,完全免费,"Refined Games, Inc.",2.1以上,74,11
冒险岛2代,5.5 ,动作游戏,中文,34℃,2012-11-02,5.0.4,完全免费,,1.5以上,150,49
瞎子忍者,5.1 ,动作游戏,英文,34℃,2012-10-06,1.1.0,完全免费,eggbones,2.3.3以上,90,21
英雄之战,,角色扮演,中文,34℃,2012-07-20,2.9,完全免费,UPON Studio,2.1以上,160,26
职业杀手僵尸之城(含数据包),4.9 ,射击游戏,英文,34℃,2012-06-21,3.1.0,完全免费,Glu,2.1以上,423,76
剑魂使者5,,格斗游戏,英文,34℃,2012-06-01,1.1,完全免费,3RD SENSE,2.2以上,181,8
残忍的兔子,4.9 ,角色扮演,英文,34℃,2011-09-02,1,完全免费,Mentalwarp Games,2.0.1以上,172,57
铁甲钢拳冠军赛(含数据包),6.9 ,格斗游戏,中文,33℃,2016-08-19,1.0.261,完全免费,RG,2.3.3以上,1325,704
史上最坑爹的游戏3,8.0 ,益智休闲,中文,33℃,2016-09-23,5.0.05,道具收费,珠海顶峰互动科技有限公司,2.3以上,519,74
疯狂动物城(含数据包),5.5 ,冒险解谜,"英文, 中文",33℃,2016-08-15,1.2.3.10225,完全免费,Disney,4.1以上,102,329
亚空间转移(含数据包),6.1 ,冒险解谜,"英文, 中文",33℃,2016-07-22,1.0.5,完全免费,Deep Silver,4.0以上,339,995
纸牌大战:探险活宝(含数据包),5.7 ,棋牌游戏,英文,33℃,2016-07-19,1.11.0,完全免费,Cartoon Network,2.3.3以上,613,571
战斗之心修改版,8.0 ,益智休闲,英文,33℃,2013-03-09,1.2,完全免费,Mika Mobile,2.0.1以上,2206,587
古老的传说汉化版,5.2 ,角色扮演,中文,33℃,2014-07-17,3.4,完全免费,Central Bytes Ltd,1.5以上,703,624
孤狼,7.0 ,射击游戏,中文,33℃,2016-06-06,1.1.08,完全免费,FDG Entertainment,4.0以上,2815,1360
会说话的宝贝,,益智休闲,英文,33℃,2016-06-02,4.13.0,完全免费,Kaufcom Games Apps Widgets,2.3以上,83,22
夺命侏罗纪,8.0 ,射击游戏,"英文, 中文",33℃,2016-05-19,1.3.5,完全免费,Glu,3.0以上,4193,818
请勿乱动,7.2 ,冒险解谜,"英文, 中文",33℃,2016-04-21,1.1.0,完全免费,Bulkypix,2.3以上,2440,1417
捕鱼大满贯赢话费,5.1 ,益智休闲,中文,33℃,2016-04-08,1.1.4,道具收费,上海时与光企业发展有限公司,2.2以上,509,1
贪吃蛇,4.8 ,益智休闲,英文,33℃,2015-11-03,1.1.0.1,完全免费,Rumilus Design,4.0以上,1448,113
三国大时代2一统天下,5.2 ,角色扮演,中文,33℃,2015-10-16,2.8,道具收费,昆明梵乐塔科技有限公司,2.1以上,386,119
手指任意球,7.3 ,体育运动,英文,33℃,2015-07-06,1.5.0,完全免费,PIKPOK,2.3以上,624,30
奇异世界:怪客的愤怒(含数据包),8.0 ,射击游戏,英文,33℃,2015-02-04,1.0.7,完全免费,Oddworks,4.0以上,2368,3088
驯龙高手,,动作游戏,英文,33℃,2014-10-24,2.7,完全免费,Easytime Studio,1.5以上,346,70
山(含数据包),7.7 ,角色扮演,英文,33℃,2014-08-21,1.2,完全免费,David OReilly,2.3以上,1363,1777
手绘摩托特技2,7.6 ,益智休闲,英文,33℃,2014-07-03,2.3,完全免费,Djinnworks e.U.,2.2以上,670,67
刺猬索尼克,6.4 ,益智休闲,中文,33℃,2014-02-15,2.0.4,完全免费,SEGA世嘉,2.3以上,615,81
足球经理2014免验证版(含数据包),5.2 ,模拟经营,英文,33℃,2014-02-12,5.1.2,完全免费,SEGA世嘉,2.2以上,416,132
空中打击上部,5.0 ,飞行游戏,英文,33℃,2014-01-20,1.8.1,完全免费,Art In Games,2.0.1以上,71,34
失落传说修改版(含数据包),,动作游戏,英文,33℃,2013-12-07,1.12,完全免费,,4.0以上,123,151
蓝图3D高清版(含数据包),5.6 ,益智休闲,英文,33℃,2013-12-06,1.0.2,完全免费,,2.3.3以上,418,913
死亡拉力赛,7.4 ,竞速游戏,英文,33℃,2012-09-18,1.1.4,完全免费,Remedy Entertainment,2.2以上,754,57
图腾跑酷完整版,5.3 ,益智休闲,英文,33℃,2013-09-04,1.0.1,完全免费,Chillingo,2.3以上,189,103
初音未来演唱会监制,8.1 ,模拟经营,日文,33℃,2013-07-26,1.1.7,完全免费,SEGA世嘉,2.3以上,4572,291
五虎断门刀,5.3 ,益智休闲,中文,33℃,2013-07-17,1.7,完全免费,NobStudio,2.2以上,62,95
地产大亨(含数据包),8.0 ,棋牌游戏,英文,33℃,2013-03-06,1.7.4,完全免费,EA,2.2以上,3993,175
青蛙跳河,,益智休闲,英文,33℃,2012-11-30,1.2,完全免费,PIPOGAME,2.2以上,36,0
疯狂机场2:狂野远行,,模拟经营,英文,33℃,2012-11-16,1.18,完全免费,Lemon Team,2.1以上,177,24
重装炮手3D(含数据包),5.2 ,射击游戏,"英文, 韩文",33℃,2012-10-29,1.0.8,完全免费,Com2uS,2.1以上,235,64
战争之王,,策略塔防,中文,33℃,2012-10-12,2.0.4,完全免费,第九城市,1.5以上,520,32
轻松找不同,,益智休闲,英文,33℃,2012-09-16,2.1,完全免费,Simply Game,2.2以上,42,1
疯狂卡丁车免费版,,竞速游戏,英文,33℃,2012-05-04,3,完全免费,gamayun,2.1以上,61,1
虫虫部落(含数据包),4.8 ,模拟经营,英文,33℃,2012-03-15,1.7.1,完全免费,Glu,2.0以上,189,56
超级坦克大战,5.1 ,射击游戏,中文,33℃,2011-10-24,2,完全免费,Alawar,1.6以上,60,22
摄像头之3D武器专业版,,射击游戏,英文,33℃,2011-08-28,1.6.1,完全免费,MobEpic,2.1以上,50,14
公主蓬特2,8.0 ,益智休闲,英文,32℃,2016-09-27,7.1.0.0,完全免费,GungHo Games,2.3以上,904,217
熊出没2,5.4 ,益智休闲,中文,32℃,2016-09-12,1.2.6,道具收费,合肥乐堂动漫信息技术有限公司,2.2以上,1920,79
谜途,5.8 ,益智休闲,中文,32℃,2016-09-09,1.0.5,完全免费,柠檬酱,2.3以上,152,845
现代战争Online(含数据包),6.2 ,射击游戏,"英文, 中文",32℃,2016-09-08,1.141,完全免费,Game development ltd,4.0以上,1434,1052
绝对镇压,5.2 ,动作游戏,英文,32℃,2016-08-22,1.4,完全免费,Noodlecake,2.3以上,1134,359
蠢蠢的腊肠,5.2 ,益智休闲,英文,32℃,2016-08-22,1.0.6,完全免费,Nitrome,2.3以上,1109,134
多克罗汉化版,6.8 ,动作游戏,中文,32℃,2014-01-10,1.0.2,完全免费,GungHo Games,2.2以上,1307,2247
愤怒的小鸟:决斗,5.4 ,益智休闲,英文,32℃,2016-07-22,2.4.7,完全免费,Rovio,4.0以上,1503,228
棱镜,6.2 ,益智休闲,英文,32℃,2016-07-16,1,完全免费,Clint Siu,4.4以上,362,1197
极速变色龙,7.4 ,动作游戏,英文,32℃,2016-06-08,2,完全免费,Noodlecake,4.1以上,675,1257
跳跃果冻,5.2 ,益智休闲,英文,32℃,2016-04-11,1.4,完全免费,Ketchapp,3.0以上,243,238
真人斗地主2,,棋牌游戏,中文,32℃,2016-04-07,3.5.43,道具收费,深圳市金环天朗信息技术服务有限公司,2.3以上,79,27
共和国完整免谷歌版(含数据包),8.4 ,冒险解谜,英文,32℃,2016-03-23,5.0 for generic devices,完全免费,"Camouflaj, LLC",4.0以上,5986,2169
GBA模拟器,,游戏工具,英文,32℃,2015-11-02,1.5.26,完全免费,Robert Broglia,2.3以上,81,47
使命之剑修改版,7.6 ,动作游戏,英文,32℃,2014-12-01,1.6,完全免费,"Click Connect Co., Ltd.",2.3以上,767,207
噩梦乐园汉化版,6.1 ,冒险解谜,中文,32℃,2015-08-13,2.0.2,完全免费,D3 PUBLISHER INC.,4.0.3以上,1789,1347
玩具熊的五夜后宫4,6.0 ,冒险解谜,英文,32℃,2015-08-04,1,完全免费,Scottgames,2.3以上,3064,947
血之荣耀:神兵(含数据包),6.8 ,角色扮演,中文,32℃,2015-06-12,2.0.0,完全免费,Glu,3.0以上,938,778
波克艾克大冒险汉化版(含数据包),6.0 ,冒险解谜,中文,32℃,2015-04-30,1.4.0,完全免费,POSSIBLE Games,2.3以上,2371,2708
在一起,5.0 ,冒险解谜,中文,32℃,2015-04-30,1.3,完全免费,Naquatic LLC,2.3以上,472,227
二重奏完整版,6.1 ,益智休闲,中文,32℃,2015-02-19,2.0.0,完全免费,Kumobius,2.2以上,294,413
天鹅之歌(含数据包),8.0 ,动作游戏,英文,32℃,2015-02-19,1.0.3,完全免费,NUDE MAKER,2.3.3以上,1025,2005
回力斩杀,5.0 ,益智休闲,英文,32℃,2015-02-11,1,完全免费,CrazyGames.com,2.3以上,480,187
蒙特祖玛的宝藏2,5.1 ,益智休闲,英文,32℃,2015-01-19,1.5.52,完全免费,HeroCraft Ltd,1.6以上,193,31
砖形枪,8.4 ,冒险解谜,英文,32℃,2015-01-15,0.7,完全免费,Nitrome,2.2以上,3316,672
超级炸药捕鱼,,益智休闲,中文,32℃,2014-11-27,1.2.2,完全免费,HandyGames,2.3以上,379,80
变形方块,,益智休闲,英文,32℃,2014-08-19,1,完全免费,Pavlo Markevych,2.3以上,232,180
卡巴之旅,5.1 ,冒险解谜,英文,32℃,2014-07-23,1.2,完全免费,,2.3以上,329,307
FPsePS模拟器,,游戏工具,英文,32℃,2014-06-03,0.11.135,完全免费,Schtruck & LDchen,2.1以上,302,35
RPS跑酷,6.2 ,益智休闲,英文,32℃,2014-02-11,1.2,完全免费,hamon,2.3以上,652,23
NOS汽车挑战赛(含数据包),,竞速游戏,英文,32℃,2013-12-06,1.22,完全免费,Xlab Technologies Lt,1.6以上,174,16
疯狂沙滩车(含数据包),,竞速游戏,英文,32℃,2013-12-06,1.22,完全免费,Xlab Technologies Lt,1.6以上,154,21
战争使者(含数据包),5.5 ,角色扮演,中文,32℃,2013-07-31,1.1.5,完全免费,Cedar Hill Games Inc.,2.1以上,381,117
拯救我的电视,,益智休闲,英文,32℃,2013-06-13,1.05,完全免费,Behold Studios,2.0.1以上,59,24
杰克梦游奇境,,射击游戏,英文,32℃,2013-06-10,17611,完全免费,SilverTree Media,2.2以上,207,38
姜饼人大逃亡,,益智休闲,"英文, 韩文",32℃,2013-05-29,1.0.5,完全免费,Com2uS,2.2以上,317,41
惊恐走私犯(含数据包),7.6 ,益智休闲,中文,32℃,2013-02-27,1.07,完全免费,11 bit studios,2.2以上,767,76
城堡勇士,5.1 ,策略塔防,英文,32℃,2012-11-13,1.3,完全免费,GameResort,2.0.1以上,153,44
军队塔防完整版,,策略塔防,英文,32℃,2012-07-11,1.0.3,完全免费,Titan Inc,2.1以上,105,21
坠落的星星,,益智休闲,英文,32℃,2012-03-21,1.0.7,完全免费,Happy Angel Games,2.2以上,93,3
实景射击,7.0 ,射击游戏,英文,32℃,2012-03-13,2.25,完全免费,Black Ops Pops,1.5以上,566,18
海盗王中文版,,动作游戏,中文,32℃,2012-02-05,3.3,完全免费,"LeTang, Inc.",2.1以上,520,12
足球物语汉化版,7.9 ,模拟经营,中文,32℃,2012-01-10,1.0.7,完全免费,Kairosoft,1.6以上,734,102
声控游戏Pah,,飞行游戏,英文,32℃,2011-12-07,2,完全免费,Labgoo,2.1以上,80,25
飞镖忍者去广告版,,益智休闲,英文,32℃,2011-05-05,1.001,完全免费,iELFGame,1.5以上,139,2
清明节的鬼很萌,6.6 ,角色扮演,中文,31℃,2016-09-26,20150513,完全免费,橘子班工作室,2.3.3以上,225,440
亡者归来,,策略塔防,中文,31℃,2015-11-10,2.04,道具收费,杭州非奇科技有限公司,2.2以上,59,93
泽诺尼亚传奇S,5.4 ,角色扮演,"英文, 中文",31℃,2016-09-22,2.10.0,完全免费,GAMEVIL,2.3以上,3031,1514
JJ斗地主,5.4 ,棋牌游戏,中文,31℃,2016-09-18,4.05.07,道具收费,竞技世界（北京）网络技术有限公司,2.2以上,54,20
城堡冲突(含数据包),6.8 ,策略塔防,英文,31℃,2016-09-13,1.2.97,完全免费,IGG,2.3以上,2588,110
魔法世界,7.7 ,角色扮演,"英文, 韩文",31℃,2016-09-08,2.2.2,完全免费,Com2uS,2.3.3以上,1030,185
暴力兄弟会(含数据包),7.8 ,格斗游戏,英文,31℃,2016-09-01,2.3.12,完全免费,realtech VR,4.0.3以上,880,238
杀手47:行动(含数据包),8.2 ,策略塔防,英文,31℃,2016-08-23,1.12.69685,完全免费,SQEX,2.3.3以上,3978,1840
SAS:僵尸突击3,5.0 ,射击游戏,英文,31℃,2016-08-20,3.1,完全免费,ninja kiwi,4.0以上,251,152
口袋传奇,4.8 ,角色扮演,英文,31℃,2016-07-30,2.0.2.3,完全免费,Spacetime,2.2以上,30,59
笨拙的忍者汉化版(含数据包),8.0 ,养成游戏,中文,31℃,2016-03-15,1.6.3,完全免费,NaturalMotionGames Ltd,2.3以上,4679,1170
生命线:冰天雪地汉化版,7.2 ,冒险解谜,中文,31℃,2016-05-29,1.0.6,完全免费,3 Minute Games,4.0.3以上,707,1498
魔塔,5.1 ,角色扮演,中文,31℃,2016-04-18,1.5.7,道具收费,北京艾达沃科技有限公司,2.2以上,265,187
死亡同步:明日到今日汉化版(含数据包),7.2 ,冒险解谜,中文,31℃,2016-04-16,2,完全免费,Fictiorama Studios,2.3以上,2923,3503
城市飞奔:伦敦(含数据包),5.9 ,角色扮演,"英文, 中文",31℃,2016-04-01,2.12.46,完全免费,City Quests Media Ltd,2.3以上,883,2196
虫虫英雄2(含数据包),8.3 ,策略塔防,英文,31℃,2016-03-18,1.00.10.1,完全免费,Foursaken Media,2.3以上,3839,1258
伯特伦费德历险记(含数据包),7.7 ,冒险解谜,"英文, 中文",31℃,2015-12-15,1.3,完全免费,Rumpus Animation,2.3以上,2733,1989
雷电2014致命空袭,,飞行游戏,中文,31℃,2015-08-25,4.0.0,道具收费,北京奇虎科技有限公司,2.2以上,225,189
疯狂奔奔,,动作游戏,英文,31℃,2015-10-26,1.7.16,完全免费,Fluik,2.3以上,174,30
帕特森的发明豪华完整版,6.2 ,益智休闲,"英文, 中文",31℃,2015-10-20,3.0.1,完全免费,Filimundus AB,2.3以上,2737,1048
极品狂飙3D,4.9 ,竞速游戏,中文,31℃,2015-09-16,1.2.15,道具收费,杭州玩魔科技有限公司,2.2以上,358,94
三国志战记(含数据包),5.8 ,策略塔防,日文,31℃,2015-09-14,1.04,完全免费,KOEI TECMO,2.3.3以上,617,704
击倒铝罐3(含数据包),8.3 ,益智休闲,中文,31℃,2015-08-27,1.31,完全免费,Infinite Dream Factory Inc.,4.0以上,5298,481
特技摩托:前线,5.3 ,竞速游戏,中文,31℃,2015-07-24,3.1.0,道具收费,Ubisoft育碧,2.3.3以上,264,269
逃生挑战4完整版(含数据包),5.1 ,冒险解谜,"英文, 中文",31℃,2015-07-17,1,完全免费,MobiGrow,2.3.3以上,1684,340
阿尔法中队2:遗落战境(含数据包),5.9 ,飞行游戏,中文,31℃,2015-07-16,1.03,完全免费,Martian Monkey Games,2.3以上,1941,1194
铁路迷宫,,益智休闲,英文,31℃,2015-07-06,1.2.3,完全免费,Spooky House Studios,2.3以上,45,38
奇幻射击,7.9 ,射击游戏,中文,31℃,2015-05-13,1,道具收费,北京第九星光文化传媒有限公司,2.3以上,1293,303
暗黑斩,,动作游戏,英文,31℃,2014-12-29,1.032,完全免费,veewo studio,3.0以上,150,161
尘埃:越野赛车,,竞速游戏,英文,31℃,2014-11-24,1.4.5,完全免费,Catmoon Productions,3.2以上,79,37
新纪元2(含数据包),8.1 ,射击游戏,中文,31℃,2014-09-28,1.3.3,完全免费,Uppercut Games,4.1以上,3694,918
奥巴马VS普京修改版,7.8 ,动作游戏,中文,31℃,2014-06-05,01.01.02,完全免费,voolean,2.2以上,968,254
踹飞大胡子,7.9 ,益智休闲,"英文, 中文, 韩文, 日文",31℃,2014-05-12,1.3.817,完全免费,Phase Two Games,4.0.3以上,627,64
劫匪枪战,5.1 ,射击游戏,英文,31℃,2014-04-18,1.1.7,完全免费,N3V Games,2.2以上,499,77
100个任务汉化去广告版,5.3 ,益智休闲,中文,31℃,2012-09-13,1.2.7,完全免费,MPI Games,2.2以上,591,70
照片说话,,益智休闲,英文,31℃,2013-10-01,2.0.7,完全免费,"MotionPortrait, Inc",1.6以上,134,43
密室逃脱,5.1 ,益智休闲,英文,31℃,2013-08-26,5.0.0,完全免费,989Works,2.2以上,291,6
索尼克CD(含数据包),5.3 ,冒险解谜,英文,31℃,2012-11-15,1.0.6,完全免费,SEGA世嘉,2.1以上,173,86
2012伦敦奥运会(含数据包),7.4 ,体育运动,中文,31℃,2012-10-31,1.6.5,完全免费,Neowiz,2.2以上,840,106
中国象棋,,棋牌游戏,中文,31℃,2012-10-12,1.0.7,完全免费,Chessquare,1.5以上,52,2
水晶猎人,,角色扮演,"英文, 韩文",31℃,2012-06-18,1.0.1,完全免费,Com2uS,2.2以上,146,117
太平洋飞虎队完整版,,飞行游戏,英文,31℃,2012-05-23,1.21,完全免费,Kalloc Studios,2.1以上,57,18
王者传奇3,,角色扮演,英文,31℃,2012-05-03,1.0.2,完全免费,GAMEVIL,2.1以上,115,60
CS半条命反恐精英,5.0 ,射击游戏,英文,31℃,2012-04-26,1.19,完全免费,Calford,1.5以上,244,29
武装突袭2,,射击游戏,英文,31℃,2012-04-25,1.3.8.2,完全免费,Idea Games,2.2以上,136,63
我的世界完整专业版,8.3 ,策略塔防,英文,31℃,2012-03-28,3.1,完全免费,PX | Studios,2.1以上,4188,91
坦克大战中文版,5.0 ,射击游戏,中文,31℃,2012-03-08,1,完全免费,Noumena Innovations,1.6以上,104,79
怪盗鲁邦汉化版,7.0 ,角色扮演,中文,31℃,2011-11-25,1.0.1,完全免费,,2.1以上,796,311
3D台球大师,,体育运动,英文,31℃,2011-12-13,1.63,完全免费,Noumena Innovations,1.6以上,47,28
美国僵尸村,5.1 ,动作游戏,英文,31℃,2011-07-21,1.0.4,完全免费,Mika Mobile,2.0.1以上,201,40
战争的召唤:战争使命修改版,5.0 ,飞行游戏,英文,30℃,2016-09-29,1.1.4,完全免费,BOG,2.3以上,258,296
史上最坑爹的游戏2,5.0 ,益智休闲,中文,30℃,2016-09-23,5.0.06,道具收费,珠海顶峰互动科技有限公司,2.3以上,243,96
会说话的约恩狗,,益智休闲,英文,30℃,2016-09-21,5.17.0,完全免费,Kaufcom Games Apps Widgets,2.3以上,43,21
玩具熊的五夜后宫,5.8 ,动作游戏,英文,30℃,2016-09-19,1.84,完全免费,Scottgames,2.3以上,509,458
秘密盟会(含数据包),7.4 ,冒险解谜,"英文, 中文",30℃,2016-09-18,1.21.1,完全免费,G5,4.0.3以上,546,608
玩具塔防2修改版(含数据包),7.3 ,策略塔防,中文,30℃,2015-11-12,2.5,完全免费,Melesta Games,3.0以上,1465,314
我的马(含数据包),7.0 ,养成游戏,中文,30℃,2016-09-12,1.26.1,完全免费,NaturalMotionGames Ltd,2.3.3以上,1310,313
旋转风暴(含数据包),6.1 ,竞速游戏,"英文, 中文",30℃,2016-09-08,1.8.57,完全免费,League of Monkeys,4.0.3以上,2366,488
马上斗地主,4.8 ,棋牌游戏,中文,30℃,2016-09-06,2.7.4.0,道具收费,北京联众互动网络股份有限公司,2.2以上,77,49
破碎大陆(含数据包),7.8 ,动作游戏,"英文, 中文",30℃,2016-09-05,3.2.0.23,完全免费,Frogmind,4.0.3以上,1760,2523
遗迹探索(含数据包),8.1 ,冒险解谜,英文,30℃,2016-09-01,0.14.85,完全免费,NEXON,4.0.3以上,4572,2934
卡通防御战4修改版(含数据包),7.5 ,策略塔防,英文,30℃,2014-05-26,1.0.9,完全免费,MolaMola Inc.,2.3.3以上,849,269
天方夜谭,8.0 ,益智休闲,英文,30℃,2016-08-22,1.2.1,完全免费,Acceleroto,4.0以上,705,562
杀手:狙击之神(含数据包),7.8 ,射击游戏,中文,30℃,2016-08-19,5.0.2,完全免费,Glu,3.0以上,994,551
音速小子索尼克4:第一章(含数据包),5.3 ,益智休闲,英文,30℃,2016-08-19,1.5.0,完全免费,SEGA世嘉,2.2以上,238,38
潜龙破山修改版,5.7 ,益智休闲,中文,30℃,2016-04-28,1.2.3,完全免费,Rebel Twins,2.3以上,1049,651
滑板派对3修改版(含数据包),5.6 ,体育运动,"英文, 中文",30℃,2016-08-08,1.0.3,完全免费,Ratrod,4.0以上,677,833
飞爆钻石,8.0 ,益智休闲,英文,30℃,2016-07-28,5.2 (52013),完全免费,Wooga,3.0以上,672,30
超级水管工,5.0 ,益智休闲,英文,30℃,2016-07-21,2.7.1,完全免费,NER Brothers,3.0以上,61,30
史克比亚,,动作游戏,中文,30℃,2016-06-07,2.5,完全免费,Alawar,2.3以上,335,58
恶魔世界修改版(含数据包),5.4 ,策略塔防,"英文, 中文",30℃,2016-06-01,1.2.1,完全免费,HandyGames,4.0.3以上,1954,694
织梦寻空,6.9 ,益智休闲,英文,30℃,2016-05-24,1.03,完全免费,Hamster On Coke Games,4.0以上,716,1439
最强大脑2,4.7 ,益智休闲,中文,30℃,2016-05-18,1.21,道具收费,南京光辉互动网络科技股份有限公司,2.3以上,186,77
航空大亨3(含数据包),,模拟经营,"英文, 中文, 日文",30℃,2016-05-07,1.3.0,完全免费,TRADEGAME Lab Inc.,2.3.3以上,432,218
战斗猴子,5.0 ,策略塔防,英文,30℃,2016-04-20,1.4.2,完全免费,Geek Beach Ltd,2.3以上,185,60
失落的地球,,策略塔防,"中文, 韩文",30℃,2016-04-20,1.3.8,完全免费,Com2uS,2.2以上,209,74
狂飙:快艇天堂修改版(含数据包),6.2 ,竞速游戏,"英文, 中文",30℃,2016-01-22,1.6.0,完全免费,Ubisoft育碧,4.0以上,3237,1187
唐老鸭历险记:高清重制版(含数据包),5.6 ,动作游戏,中文,30℃,2016-03-09,1.0.3,完全免费,Disney,5.0以上,2252,1093
卡通战争-枪手,,策略塔防,"英文, 韩文",30℃,2016-02-18,1.1.1,完全免费,GAMEVIL,2.3以上,252,105
真三国无双:爆发,7.4 ,动作游戏,日文,30℃,2016-02-17,1.3.3,完全免费,KOEI TECMO,4.0以上,776,297
死亡效应2(含数据包),7.2 ,射击游戏,英文,30℃,2015-12-17,151215.0254,完全免费,BadFly Interactive,4.1以上,5529,2946
机器帝国,6.6 ,策略塔防,英文,30℃,2015-12-03,2.8.6,完全免费,Hexage,2.3以上,873,108
天兵公园:恶作剧大战(含数据包),7.9 ,动作游戏,中文,30℃,2015-11-18,1.0.6,完全免费,Cartoon Network,2.3.3以上,850,543
细胞星球高清完整版,,策略塔防,英文,30℃,2015-11-06,1.51,完全免费,Tubi Games,2.3以上,56,36
星球大战:旧共和国武士免验证版(含数据包),8.6 ,角色扮演,英文,30℃,2015-10-21,1.0.6,完全免费,"Aspyr Media, Inc.",4.1以上,4161,2136
指尖篮球2修改版(含数据包),5.1 ,体育运动,"英文, 中文",30℃,2015-09-30,1.1.7,完全免费,U-Play online,2.3.3以上,1784,289
孤岛余生(含数据包),5.9 ,模拟经营,中文,30℃,2015-09-15,1.3,完全免费,G5,2.3.3以上,292,263
丛林大冒险,,模拟经营,英文,30℃,2015-08-21,2.6.9,完全免费,"Kiwi, Inc.",2.2以上,69,61
虚拟城市2:天堂度假村完整版(含数据包),5.8 ,模拟经营,中文,30℃,2013-12-06,1.1,完全免费,G5,2.1以上,211,264
新恶魔猎人,4.9 ,动作游戏,中文,30℃,2015-06-08,2.2.4,道具收费,合肥华乐互动信息技术有限公司,2.2以上,538,167
微观战争2完整版,,益智休闲,英文,30℃,2014-12-22,1.00.1,完全免费,Donut Games,2.3.3以上,130,314
反击间谍汉化版(含数据包),6.6 ,动作游戏,中文,30℃,2015-01-05,1.0.110,完全免费,PlayStation Mobile Inc.,4.0.3以上,2108,1685
铁拳拳击(含数据包),,格斗游戏,英文,30℃,2014-12-01,5.0.1,完全免费,realtech VR,2.3以上,342,67
单车男孩,,益智休闲,英文,30℃,2014-11-28,1.7,完全免费,Runner Games,2.3以上,63,28
僵尸城防御汉化破解版,7.6 ,策略塔防,中文,30℃,2014-09-22,1.1.2,完全免费,Mozg Labs,4.0以上,944,708
最强塔防(含数据包),7.9 ,策略塔防,英文,30℃,2014-09-08,1.27,完全免费,SMG Studio,2.3以上,934,182
明日边缘(含数据包),7.1 ,动作游戏,中文,30℃,2014-06-06,1.0.3,完全免费,WBIE,4.0以上,1698,817
世界防御,5.0 ,策略塔防,英文,30℃,2014-05-05,1.2.2,完全免费,FridgeCat Software,2.3以上,68,57
星际快车(含数据包),7.8 ,竞速游戏,英文,30℃,2013-12-05,1.4,完全免费,Jujubee S.A.,2.0.1以上,749,43
后院弓箭手,,益智休闲,英文,30℃,2013-12-30,1.06,完全免费,RedWall Games,2.3.3以上,34,1
疯狂引擎专业版(含数据包),7.8 ,竞速游戏,英文,30℃,2013-10-21,1.5.0,完全免费,Level Eight AB,2.2以上,720,35
泊车大挑战,,益智休闲,英文,30℃,2013-07-08,2.5,完全免费,Dualcarbon,4.1以上,51,1
仙境传说紫罗兰,7.5 ,角色扮演,中文,30℃,2012-11-28,1,完全免费,,2.1以上,800,135
碧湖垂钓完整版,,益智休闲,英文,30℃,2012-11-12,2.2,完全免费,CyxB,1.5以上,233,54
吃货大食堂汉化版,5.7 ,模拟经营,中文,30℃,2012-04-28,1.0.0,完全免费,Kairosoft,1.6以上,297,167
口袋学院2汉化版,5.5 ,模拟经营,中文,30℃,2012-04-27,1.0.3,完全免费,Kairosoft,1.6以上,236,176
钢铁冲击手,5.1 ,动作游戏,英文,30℃,2012-01-09,1.23,完全免费,iELFGame,2.2以上,141,57
模拟城市破解豪华版(含数据包),4.7 ,模拟经营,中文,30℃,2011-11-09,0.0.13,完全免费,EA,1.6以上,368,288
钻石旋风2,,益智休闲,中文,30℃,2011-10-10,1.0.7,完全免费,Gameloft,1.5以上,81,32
韩式连连看,5.0 ,益智休闲,韩文,30℃,2011-09-10,1.2,完全免费,AndromedaGames,2.1以上,63,27
怪物大战野猪男,,益智休闲,英文,30℃,2011-08-24,2.1.3,完全免费,,1.5以上,138,8
TNA拳击大赛,5.1 ,格斗游戏,英文,30℃,2011-05-21,1.0.1,完全免费,南梦宫NAMCO,2.0.1以上,309,77
斩魔历险记,4.9 ,角色扮演,中文,30℃,2011-05-10,1,完全免费,多乐科技,1.5以上,268,114
FIFA2010足球盛宴(含数据包),5.0 ,体育运动,英文,30℃,2010-09-20,1.0.41,完全免费,EA,2.0以上,290,107
FC经典坦克大战1.0,,射击游戏,中文,30℃,2010-08-05,1,完全免费,,1.5以上,32,4
火柴人部落,5.0 ,格斗游戏,中文,29℃,2016-09-14,1.1.4,道具收费,上海岩火网络科技有限公司,4.0以上,272,175
钓大鱼,,益智休闲,英文,29℃,2016-08-31,2.7.3,完全免费,pascal inc.,4.0.3以上,84,34
狙击世界,4.7 ,射击游戏,中文,29℃,2016-08-24,14.7.24,完全免费,coder1cv8,2.3以上,136,81
入侵农场USA,,射击游戏,中文,29℃,2016-08-22,1.3.7,完全免费,HandyGames,2.3.3以上,151,58
三连棋,5.0 ,棋牌游戏,英文,29℃,2016-05-30,8.0.60,完全免费,Wintrino mobile prime,2.3以上,67,42
Evo探险,6.3 ,冒险解谜,中文,29℃,2016-04-29,1.3.4.0,完全免费,,4.0以上,392,736
女巫格尼玛汉化版,7.7 ,冒险解谜,中文,29℃,2014-12-08,1.1,完全免费,Microsheep,2.2以上,2915,1169
整容照相机,,益智休闲,英文,29℃,2016-03-08,2.1.9,完全免费,Oren Bengigi,2.3以上,40,26
熊猫快跑,,益智休闲,英文,29℃,2016-02-22,1.2.8,完全免费,Sailfish Games,2.3以上,64,26
火柴拼图,,益智休闲,英文,29℃,2016-01-26,1.7.10,完全免费,Celtic Spear,2.3以上,44,24
保卫鬼屋:恐怖城镇,6.0 ,益智休闲,英文,29℃,2015-12-02,1.4.6,完全免费,SFB Games,2.3以上,2088,992
卡车模拟器2016专业版(含数据包),5.8 ,模拟经营,英文,29℃,2015-10-19,1.6,完全免费,Mageeks Apps & Games,2.3以上,2385,610
三国杀online,5.4 ,棋牌游戏,中文,29℃,2015-08-28,2.8.8,道具收费,炫彩互动,1.6以上,247,190
果冻乐队,,音乐游戏,英文,29℃,2015-08-26,2.12,完全免费,iDreams,2.3以上,165,98
探险活宝:游戏巫师(含数据包),5.1 ,动作游戏,"英文, 中文",29℃,2015-07-19,1.2.0,完全免费,Cartoon Network,4.1以上,421,764
流光飞舞,5.3 ,益智休闲,英文,29℃,2015-05-23,1.0.1612,完全免费,Many Monkeys Development Pty Ltd,4.0.3以上,443,853
铁匠迷情2汉化修改版,5.6 ,益智休闲,中文,29℃,2015-04-23,1.12.1,完全免费,Tuesday Quest,2.3以上,1304,557
百战天虫3汉化版(含数据包),7.7 ,益智休闲,中文,29℃,2014-06-25,1.82,完全免费,Team 17,2.3以上,1768,985
血饮狂刀:任务(含数据包),7.8 ,动作游戏,英文,29℃,2015-03-06,1.0.0,完全免费,Mass Creation,3.0以上,1176,444
僵尸炮手(含数据包),8.1 ,射击游戏,英文,29℃,2015-02-11,1,完全免费,"BitMonster, Inc.",4.0以上,3551,907
闪电战机2,,飞行游戏,中文,29℃,2015-01-23,2.0.0,道具收费,触控科技,2.1以上,149,43
MAME安卓街机模拟器,,游戏工具,中文,29℃,2015-01-16,3.1.1,完全免费,,2.1以上,310,123
勇者斗恶龙5:天空的新娘汉化版(含数据包),8.1 ,角色扮演,中文,29℃,2014-12-29,1.0.1,完全免费,SQEX,2.3以上,3490,819
高山滑雪,5.0 ,体育运动,英文,29℃,2014-10-27,1.38.1,完全免费,Golden Hammer Software,2.3以上,100,24
初音未来:虚拟女友汉化版,5.3 ,音乐游戏,中文,29℃,2014-08-21,1.2,完全免费,MARZA ANIMATION PLANET INC.,2.3.3以上,986,809
神之折纸完整版,5.4 ,益智休闲,英文,29℃,2013-12-23,1.0.4,完全免费,State of Play Games,2.2以上,126,358
僵尸仙境2,,射击游戏,英文,29℃,2014-02-08,1.7,完全免费,Xoobis,2.1以上,154,79
兔子迷宫大冒险,,益智休闲,英文,29℃,2014-04-09,1.3.0,完全免费,Eyelead Software Inc.,2.2以上,90,23
斩铁剑,,动作游戏,英文,29℃,2014-02-27,1.1.1,完全免费,CatfishBlues Games,2.2以上,246,20
生命精灵,5.0 ,益智休闲,英文,29℃,2014-02-19,3.0.4,完全免费,Mikrotie Ltd,2.3.3以上,49,84
大脚怪:追踪阴影完整版(含数据包),7.7 ,冒险解谜,中文,29℃,2013-12-06,1,完全免费,G5,2.1以上,816,381
猎魔之塔,7.8 ,策略塔防,英文,29℃,2013-10-21,1.6.4,完全免费,Ember Entertainment,2.3以上,740,19
街头霸王4,8.3 ,格斗游戏,英文,29℃,2013-09-03,1.00.03,完全免费,Capcom,2.3以上,3892,30
战斗之石,7.8 ,动作游戏,英文,29℃,2013-08-05,1.1.290016,完全免费,Zynga,2.3以上,604,72
最后的战争,,角色扮演,"英文, 韩文",29℃,2013-05-15,1.9.2,完全免费,GAMEVIL,2.2以上,247,29
银河火战2三星商店版,8.0 ,射击游戏,英文,29℃,2013-05-13,1.0.1,完全免费,FISHLABS Entertainment GmbH,2.3以上,618,118
骷髅部队,,射击游戏,英文,29℃,2013-04-16,1.1.4,完全免费,Odi Games,2.3以上,86,17
现代冲突,5.5 ,策略塔防,中文,29℃,2013-02-20,1.2.1,完全免费,Gaijin Entertainment,2.1以上,121,115
不朽的黄昏,,角色扮演,"英文, 韩文",29℃,2013-02-18,1.0.2,完全免费,GAMEVIL,2.1以上,84,55
恶魔大作战金币修改版(含数据包),8.3 ,养成游戏,中文,29℃,2012-12-10,1.1.5,完全免费,Gameloft,2.2以上,4156,165
3D乒乓球完整版,,体育运动,英文,29℃,2012-10-21,2.7.3,完全免费,Clapfoot Inc.,2.1以上,22,6
拉厕纸,,益智休闲,英文,29℃,2012-08-20,1.7.2,完全免费,Reverie,1.6以上,44,4
太平洋飞虎队免费版,,飞行游戏,英文,29℃,2012-07-20,1.31,完全免费,Kalloc Studios,2.1以上,45,7
中国象棋-棋弈通,,棋牌游戏,中文,29℃,2012-04-02,2.2,完全免费,,1.5以上,48,5
QQ卡丁车(含数据包)免QQ游戏大厅版,,竞速游戏,中文,29℃,2012-02-21,1,完全免费,,1.5以上,236,25
宇宙探险队汉化版,5.1 ,模拟经营,中文,29℃,2011-11-23,1.0.0,完全免费,Kairosoft,1.6以上,154,112
阿拉巴马史密斯逃离庞培城普通版,,益智休闲,英文,29℃,2011-10-25,1.5,完全免费,Alawar,1.6以上,116,45
世界超级摩托车锦标赛16完整版(含数据包),5.6 ,竞速游戏,"英文, 中文",28℃,2016-09-30,1.0.7,完全免费,Digital Tales S.r.l.,4.0.3以上,155,321
模拟山羊MMO(含数据包),7.0 ,动作游戏,"英文, 中文",28℃,2016-09-27,1.2.5,完全免费,Coffee Stain Studios,4.0.3以上,2562,920
豹子王,,棋牌游戏,中文,28℃,2016-09-26,2.6.2,道具收费,深圳市融网汇智科技有限公司,2.2以上,84,65
不死之身(含数据包),8.0 ,射击游戏,"英文, 中文",28℃,2016-09-22,0.6.1,完全免费,Madfinger Games,4.1以上,5627,1077
公路骑手,7.9 ,竞速游戏,"英文, 中文",28℃,2016-09-18,1.2,完全免费,Andrey,2.3以上,2510,1149
克鲁赛德战记,6.2 ,益智休闲,"英文, 中文",28℃,2016-09-14,2.8.6.KG,完全免费,NHN Entertainment Corp.,3.0以上,683,539
MOBIUS最终幻想,9.1 ,角色扮演,日文,28℃,2016-09-08,1.4.051,完全免费,SQEX,2.3以上,5277,2422
古墓丽影1,8.3 ,动作游戏,英文,28℃,2016-09-07,1.0.42RC,完全免费,SQEX,4.0以上,4677,583
鹿神完整版(含数据包),7.0 ,冒险解谜,英文,28℃,2016-09-07,1.19,完全免费,Crescent Moon,4.0以上,2673,1878
暗影忍者修改版,5.2 ,动作游戏,英文,28℃,2014-09-02,1.1.4,完全免费,Brain Eaters,2.1以上,340,309
辐射:庇护所(含数据包),8.4 ,模拟经营,英文,28℃,2016-08-25,1.7.1,完全免费,Bethesda,4.1以上,8426,3803
真实摩托(含数据包),4.7 ,竞速游戏,"英文, 中文",28℃,2016-08-23,1.0.216,完全免费,Dreamplay,2.3以上,999,486
老狼快跑,,益智休闲,英文,28℃,2016-08-15,2.3,完全免费,Bulkypix,2.0.1以上,78,27
异形工厂(含数据包),7.7 ,射击游戏,"英文, 中文",28℃,2016-08-05,1.5.1,完全免费,Pixelbite StudiOS,4.3以上,2575,945
小小军团(含数据包),7.8 ,策略塔防,中文,28℃,2016-08-03,2.2.1,完全免费,Triniti Interactive Ltd.,2.3以上,876,719
光之骑士(含数据包),5.7 ,动作游戏,中文,28℃,2016-07-14,1.0.8,完全免费,,2.3.3以上,779,370
神树小奇兵:罗宾之怒,8.1 ,角色扮演,中文,28℃,2016-07-07,2.0.5,道具收费,北京掌趣科技股份有限公司,4.0以上,4599,289
拳皇97,5.3 ,格斗游戏,中文,28℃,2016-06-08,2.8.6745,道具收费,北京武耀科技有限公司,2.3.3以上,204,102
机器人历险记,6.7 ,冒险解谜,英文,28℃,2016-05-24,1.1,完全免费,Martin Magni,2.3.3以上,398,330
忍者释放,4.8 ,动作游戏,英文,28℃,2016-05-07,2.3,完全免费,Arkadium Games,4.0以上,95,83
神偷鲍勃2：双重麻烦(含数据包),8.0 ,策略塔防,英文,28℃,2016-04-29,1.3.0,完全免费,Chillingo,4.1以上,2045,567
行尸走肉:米琼恩(含数据包),7.2 ,冒险解谜,"英文, 中文",28℃,2016-04-29,1.11,完全免费,Telltale Games,2.3.3以上,3179,1731
小小守卫者(含数据包),8.4 ,策略塔防,英文,28℃,2016-04-26,1.1.5,完全免费,Kurechii,4.0以上,7569,2700
OPUS地球计划,7.6 ,模拟经营,中文,28℃,2016-04-15,1.4.1,完全免费,北京唯我乐园信息技术有限公司,4.1以上,2985,1831
最佳视角(含数据包),6.2 ,冒险解谜,"英文, 中文",28℃,2016-03-24,1.6,完全免费,,4.0.3以上,408,1065
上帝也疯狂(含数据包),7.8 ,模拟经营,英文,28℃,2016-03-24,0.0.29,完全免费,DeNA Corp.,4.0.3以上,691,793
奇想齿轮市场版,5.1 ,益智休闲,英文,28℃,2016-02-01,1.1,完全免费,Lazy 8 Studios,2.2以上,110,48
粘土世界,7.7 ,益智休闲,中文,28℃,2014-12-19,1.9,完全免费,Zynga,2.3以上,722,150
时空穿越完整版(含数据包),5.4 ,冒险解谜,英文,28℃,2015-05-29,1.1,完全免费,osao,2.3.3以上,2174,556
莎凡特,,动作游戏,英文,28℃,2015-11-23,1.70.6,完全免费,,2.3以上,102,49
暗黑斩2,5.2 ,动作游戏,英文,28℃,2015-11-03,1.26,完全免费,veewo studio,3.0以上,1806,470
社交梦物语汉化版,7.5 ,模拟经营,中文,28℃,2014-09-19,1.1.1,完全免费,Kairosoft,2.3.3以上,715,265
砸酒瓶,7.1 ,益智休闲,英文,28℃,2015-09-17,1.1.0,完全免费,Droid Hermes,2.3以上,514,24
群猫大战,5.1 ,益智休闲,英文,28℃,2015-09-16,2.5,完全免费,WestRiver,2.3以上,427,67
狙击手汉化版,4.7 ,射击游戏,中文,28℃,2011-07-21,1.2,完全免费,Words Mobile,1.5以上,185,49
空中小岛完整版(含数据包),5.4 ,冒险解谜,中文,28℃,2014-03-21,1,完全免费,G5,2.3以上,311,753
2XL极限摩托,,竞速游戏,英文,28℃,2015-09-16,1.1.4,完全免费,2XL Games,3.0以上,269,120
疯狂超市2完整版(含数据包),5.9 ,冒险解谜,中文,28℃,2013-12-05,1.3,完全免费,G5,2.1以上,222,264
村庄日记,7.5 ,益智休闲,英文,28℃,2015-09-10,1.1.3,完全免费,Chillingo,4.0.3以上,607,72
玩具塔防4:星海战争修改版(含数据包),8.0 ,策略塔防,中文,28℃,2014-05-12,1,完全免费,Melesta Games,2.3.3以上,791,357
追梦(含数据包),6.0 ,音乐游戏,中文,28℃,2015-07-13,1.2,完全免费,ibuki,2.3以上,2279,2076
烧绳子世界版,,益智休闲,英文,28℃,2015-07-06,1.0.6,完全免费,Big Blue Bubble,2.3.3以上,63,41
四季之魂(含数据包),7.5 ,冒险解谜,英文,28℃,2015-06-19,2,完全免费,Noxus Ltd,4.0以上,683,646
都市传说:逃离杉泽村汉化版,5.3 ,冒险解谜,中文,28℃,2015-06-18,1.0.0,完全免费,SEEC,4.0以上,1438,503
微型桌球完整版,5.1 ,体育运动,英文,28℃,2015-01-20,1.1,完全免费,Botond FM Bt.,2.3以上,148,191
挤痘痘,,益智休闲,英文,28℃,2015-04-27,20,完全免费,Room Candy Games,2.2以上,78,29
捕鱼达人土豪金,5.1 ,益智休闲,中文,28℃,2015-04-23,1.1.4,道具收费,触控科技,2.2以上,145,25
任务守卫者,,角色扮演,英文,28℃,2015-04-23,1.71,完全免费,Tyson Ibele,2.3以上,541,233
水果大逃亡,,益智休闲,英文,28℃,2015-03-12,2.0.4,完全免费,MPC GAMES,2.3以上,98,25
开心酷跑（超人来袭）,,益智休闲,中文,28℃,2015-02-10,4.1,道具收费,深圳海富荣,2.1以上,209,95
疯狂捕鱼2,5.1 ,益智休闲,中文,28℃,2015-02-11,2.0.4,道具收费,深圳市艾德聚乐科技有限公司,2.1以上,91,24
弯钩机关,5.6 ,益智休闲,英文,28℃,2015-02-03,1.01,完全免费,Rainbow Train,2.3以上,264,566
机器人大战高清版,,射击游戏,英文,28℃,2015-01-26,1.4.1j,完全免费,Fenix Fire Entertainment,2.3.3以上,215,150
重拳出击,7.9 ,益智休闲,英文,28℃,2014-11-04,1.2.5,完全免费,Noodlecake,2.3以上,802,161
不机械城(含数据包),7.9 ,冒险解谜,英文,28℃,2014-10-09,1.02,完全免费,Teotl Studios,4.0.3以上,708,1066
小怪兽求包养3,8.5 ,益智休闲,英文,28℃,2014-09-01,1.0.0,完全免费,Bit Ate Bit,2.3以上,3202,381
吟唱勇士,7.7 ,角色扮演,英文,28℃,2014-06-05,1.4.6,完全免费,TreeFortress Games,4.0以上,601,54
死亡漩涡2修改版(含数据包),5.1 ,射击游戏,英文,28℃,2014-05-28,1.1.6,完全免费,N3V Games,3.0以上,197,275
会说话的泰迪熊,5.0 ,益智休闲,英文,28℃,2014-05-15,2.0.5.1,完全免费,Talking Toys,2.3.3以上,61,26
《黑暗破坏神3》游戏指南,5.2 ,游戏工具,中文,28℃,2014-04-23,3.0.11,完全免费,YT,2.2以上,89,28
猴子岛闯关2,8.0 ,益智休闲,英文,28℃,2014-04-16,1.3.8,完全免费,GameHouse,1.6以上,679,28
极速枢纽,5.0 ,音乐游戏,英文,28℃,2014-04-03,1.53,完全免费,,2.3以上,119,156
史上最贱暴走游戏,,冒险解谜,英文,28℃,2014-03-13,1.2.3,完全免费,,2.2以上,189,60
火箭机器人(含数据包),5.2 ,益智休闲,英文,28℃,2014-02-11,2,完全免费,Bad Kraken Games,4.2以上,161,342
角斗士之怒(含数据包),7.9 ,格斗游戏,英文,28℃,2013-12-07,1.1.1,完全免费,Gamelion Studios,2.3.3以上,755,82
迷你英雄:背水一战(含数据包),8.0 ,射击游戏,英文,28℃,2013-12-06,1.21,完全免费,Triniti Interactive Ltd.,2.0.1以上,866,151
黑暗生物(含数据包),5.1 ,益智休闲,中文,28℃,2013-12-06,2,完全免费,MTV Networks,2.3.3以上,190,102
虎胆龙威,7.3 ,射击游戏,英文,28℃,2013-07-05,1.4,完全免费,"Fox Digital Entertainment, Inc",2.2以上,868,42
安琪拉之歌,7.8 ,冒险解谜,英文,28℃,2013-06-27,1.1a,完全免费,,4.0以上,682,948
疲惫的小鸟,,益智休闲,英文,28℃,2013-06-12,6,完全免费,CTU GAMES,2.2以上,52,0
俄罗斯方块,,益智休闲,英文,28℃,2013-05-21,1.0.29,完全免费,EA,1.6以上,42,12
迷你英雄:并肩作战(含数据包),8.6 ,射击游戏,英文,28℃,2013-04-22,1.21,完全免费,Triniti Interactive Ltd.,2.0.1以上,5247,378
足球巨星2012,,体育运动,"英文, 韩文",28℃,2013-04-11,1.1.3,完全免费,GAMEVIL,2.2以上,277,40
斗兽场勇士,4.8 ,动作游戏,"英文, 韩文",28℃,2011-12-12,1.0.1,完全免费,GAMEVIL,2.2以上,111,58
,,,,,,,,,,,
